id,title,description,availability,condition,price,link,image_link,brand,google_product_category,custom_label_0,custom_label_1
"prd-561425","CPAP Tubing 6 Foot Length 15 mm ID 22 mm Cuffs","CPAP Tubing 6 Foot Length 15 mm ID 22 mm Cuffs. Manufacturer: Respironics. MPN: 532316. HCPCS: N/A.","in stock","new","15.99 USD","https://www.baemeds.com/products/cpap-tubing-6-foot-length-15-mm-id-22-mm-cuffs","https://imgcdn.mckesson.com/CumulusWeb/Images/Item_Detail/RESPIR_561425.jpg","Respironics","Health & Beauty > Health Care > Respiratory Care","TOP_100_HERO","MCK_561425"
"prd-913712","BiPAP S/T Ventilator Ultra-fine Filter Kit For Sleep Therapy and BiPAP S/T Noninvasive Ventilator","BiPAP S/T Ventilator Ultra-fine Filter Kit For Sleep Therapy and BiPAP S/T Noninvasive Ventilator. Manufacturer: Respironics. MPN: 1063096. HCPCS: N/A.","in stock","new","6.99 USD","https://www.baemeds.com/products/bipap-s-t-ventilator-ultra-fine-filter-kit-for-sleep-therapy-and-bipap-s-t-noninvasive-ventilator","https://imgcdn.mckesson.com/CumulusWeb/Images/Item_Detail/913712.jpg","Respironics","Health & Beauty > Health Care > Respiratory Care","TOP_100_HERO","MCK_913712"
"prd-1083904","CPAP Tubing SlimLine System One Performance 6 Foot Length 15 mm ID","CPAP Tubing SlimLine System One Performance 6 Foot Length 15 mm ID. Manufacturer: Respironics. MPN: 1074400. HCPCS: N/A.","in stock","new","25.99 USD","https://www.baemeds.com/products/cpap-tubing-slimline-system-one-performance-6-foot-length-15-mm-id","https://imgcdn.mckesson.com/CumulusWeb/Images/Item_Detail/1083904_pdet.jpg","Respironics","Health & Beauty > Health Care > Respiratory Care","TOP_100_HERO","MCK_1083904"
"prd-776524","CPAP Tubing 18 Inch Length 22 mm Cuffs","CPAP Tubing 18 Inch Length 22 mm Cuffs. Manufacturer: Respironics. MPN: 1008198. HCPCS: N/A.","in stock","new","15.99 USD","https://www.baemeds.com/products/cpap-tubing-18-inch-length-22-mm-cuffs","https://imgcdn.mckesson.com/CumulusWeb/Images/Item_Detail/776524.jpg","Respironics","Health & Beauty > Health Care > Respiratory Care","TOP_100_HERO","MCK_776524"
"prd-729067","CPAP Filter M-Series Ultrafine Disposable 2 per Pack White Tab","CPAP Filter M-Series Ultrafine Disposable 2 per Pack White Tab. Manufacturer: Drive DeVilbiss Healthcare. MPN: CPF-F30PK2. HCPCS: N/A.","in stock","new","1.99 USD","https://www.baemeds.com/products/cpap-filter-m-series-ultrafine-disposable-2-per-pack-white-tab","https://imgcdn.mckesson.com/CumulusWeb/Images/Item_Detail/729067.jpg","Drive DeVilbiss Healthcare","Health & Beauty > Health Care > Respiratory Care","TOP_100_HERO","MCK_729067"
"prd-1197385","CPAP Water Chambers and Humidifiers For DreamStation 2 CPAP & BiPAP Machine Heated Humidifiers Without Lid, 325 mL to Maximum Fill Line","CPAP Water Chambers and Humidifiers For DreamStation 2 CPAP & BiPAP Machine Heated Humidifiers Without Lid, 325 mL to Maximum Fill Line. Manufacturer: Respironics. MPN: 1146072. HCPCS: N/A.","in stock","new","37.99 USD","https://www.baemeds.com/products/cpap-water-chambers-and-humidifiers-for-dreamstation-2-cpap-bipap-machine-heated-humidifiers-without-lid-325-ml-to-maximum-fill-line","https://imgcdn.mckesson.com/CumulusWeb/Images/Item_Detail/1197385_ppkgleft.jpg","Respironics","Health & Beauty > Health Care > Respiratory Care","TOP_100_HERO","MCK_1197385"
"prd-1202577","CPAP Filter Exceleron Medical Ultrafine Reusable 1 per Pack White With Frame","CPAP Filter Exceleron Medical Ultrafine Reusable 1 per Pack White With Frame. Manufacturer: Spirit Medical. MPN: CF-1142687-1. HCPCS: N/A.","in stock","new","1.99 USD","https://www.baemeds.com/products/cpap-filter-exceleron-medical-ultrafine-reusable-1-per-pack-white-with-frame","https://imgcdn.mckesson.com/CumulusWeb/Images/Item_Detail/1202577_side.jpg","Spirit Medical","Health & Beauty > Health Care > Respiratory Care","TOP_100_HERO","MCK_1202577"
"prd-795330","CPAP Final Bacterial Filter Respironics® BiPAP® Vision™, Trilogy100, PLV® Continuum™ IB & II, Achieva™ Portable, Ventilator","CPAP Final Bacterial Filter Respironics® BiPAP® Vision™, Trilogy100, PLV® Continuum™ IB & II, Achieva™ Portable, Ventilator. Manufacturer: AG Industries. MPN: MAG7178. HCPCS: N/A.","in stock","new","3.99 USD","https://www.baemeds.com/products/cpap-final-bacterial-filter-respironics-bipap-vision-trilogy100-plv-continuum-ib-ii-achieva-portable-ventilator","https://imgcdn.mckesson.com/CumulusWeb/Images/Item_Detail/795330.jpg","AG Industries","Health & Beauty > Health Care > Respiratory Care","TOP_100_HERO","MCK_795330"
"prd-533933","CPAP Tubing REMstar® / BiPAP® 6 Foot Length","CPAP Tubing REMstar® / BiPAP® 6 Foot Length. Manufacturer: Respironics. MPN: 622038. HCPCS: N/A.","in stock","new","18.99 USD","https://www.baemeds.com/products/cpap-tubing-remstar-bipap-6-foot-length","https://imgcdn.mckesson.com/CumulusWeb/Images/Item_Detail/533933.jpg","Respironics","Health & Beauty > Health Care > Respiratory Care","TOP_100_HERO","MCK_533933"
"prd-1201602","BPAP Unit Luna G3 Bi-Level 25A With Heated Humidifier","BPAP Unit Luna G3 Bi-Level 25A With Heated Humidifier. Manufacturer: React Health. MPN: LG3700. HCPCS: N/A.","in stock","new","1470.99 USD","https://www.baemeds.com/products/bpap-unit-luna-g3-bi-level-25a-with-heated-humidifier","https://imgcdn.mckesson.com/CumulusWeb/Images/Item_Detail/1201602_front.jpg","React Health","Health & Beauty > Health Care > Respiratory Care","TOP_100_HERO","MCK_1201602"
"prd-1195496","Portable Outlet Car Charger Inverter CPAP Power Solutions Portable Outlet Portable Outlet 155W 12 Volt. DC to AC inverter","Portable Outlet Car Charger Inverter CPAP Power Solutions Portable Outlet Portable Outlet 155W 12 Volt. DC to AC inverter. Manufacturer: Portable Outlet. MPN: DC22AC. HCPCS: N/A.","in stock","new","17.99 USD","https://www.baemeds.com/products/portable-outlet-car-charger-inverter-cpap-power-solutions-portable-outlet-portable-outlet-155w-12-volt-dc-to-ac-inverter","https://imgcdn.mckesson.com/CumulusWeb/Images/Item_Detail/1195496_pkgfront.jpg","Portable Outlet","Health & Beauty > Health Care > Respiratory Care","TOP_100_HERO","MCK_1195496"
"prd-1222890","CPAP Connector 15 mm ID 22 mm Cuffs","CPAP Connector 15 mm ID 22 mm Cuffs. Manufacturer: Sunset Healthcare. MPN: RES013. HCPCS: N/A.","in stock","new","4.99 USD","https://www.baemeds.com/products/cpap-connector-15-mm-id-22-mm-cuffs","https://imgcdn.mckesson.com/CumulusWeb/Images/Item_Detail/1222890_right.jpg","Sunset Healthcare","Health & Beauty > Health Care > Respiratory Care","TOP_100_HERO","MCK_1222890"
"prd-1143933","CPAP Unit Prewash Cleanser SoClean® Unscented 8 oz.","CPAP Unit Prewash Cleanser SoClean® Unscented 8 oz.. Manufacturer: SoClean Inc. MPN: PN1101.8. HCPCS: N/A.","in stock","new","677.99 USD","https://www.baemeds.com/products/cpap-unit-prewash-cleanser-soclean-unscented-8-oz","https://imgcdn.mckesson.com/CumulusWeb/Images/Item_Detail/1143933_front.jpg","SoClean Inc","Health & Beauty > Health Care > Respiratory Care","TOP_100_HERO","MCK_1143933"
"prd-840007","CPAP Wipes","CPAP Wipes. Manufacturer: Mada Medical Products. MPN: 7035. HCPCS: N/A.","in stock","new","123.99 USD","https://www.baemeds.com/products/cpap-wipes","https://imgcdn.mckesson.com/CumulusWeb/Images/Item_Detail/840007_front.jpg","Mada Medical Products","Health & Beauty > Health Care > Respiratory Care","TOP_100_HERO","MCK_840007"
"prd-575592","CPAP Mask Component CPAP Headgear Mirage Quattro™","CPAP Mask Component CPAP Headgear Mirage Quattro™. Manufacturer: ResMed Corp. MPN: 16117. HCPCS: N/A.","in stock","new","56.99 USD","https://www.baemeds.com/products/cpap-mask-component-cpap-headgear-mirage-quattro","https://imgcdn.mckesson.com/CumulusWeb/Images/Item_Detail/575592.jpg","ResMed Corp","Health & Beauty > Health Care > Respiratory Care","TOP_100_HERO","MCK_575592"
"prd-949104","CPAP Heated Tubing ResMed AirSense 10 6.5 Foot Length 15 mm ID 22 mm Cuffs","CPAP Heated Tubing ResMed AirSense 10 6.5 Foot Length 15 mm ID 22 mm Cuffs. Manufacturer: ResMed Corp. MPN: 37296. HCPCS: N/A.","in stock","new","27.99 USD","https://www.baemeds.com/products/cpap-heated-tubing-resmed-airsense-10-6-5-foot-length-15-mm-id-22-mm-cuffs","https://imgcdn.mckesson.com/CumulusWeb/Images/Item_Detail/949104_front.jpg","ResMed Corp","Health & Beauty > Health Care > Respiratory Care","TOP_100_HERO","MCK_949104"
"prd-768034","Humidifier Filter Kit For Humidifier","Humidifier Filter Kit For Humidifier. Manufacturer: AG Industries. MPN: AG1063096. HCPCS: N/A.","in stock","new","1.99 USD","https://www.baemeds.com/products/humidifier-filter-kit-for-humidifier","https://imgcdn.mckesson.com/CumulusWeb/Images/Item_Detail/768034.jpg","AG Industries","Health & Beauty > Health Care > Respiratory Care","TOP_100_HERO","MCK_768034"
"prd-1202156","CPAP Filter Exceleron Medical Disposable 6 per Pack With Frame","CPAP Filter Exceleron Medical Disposable 6 per Pack With Frame. Manufacturer: Spirit Medical. MPN: CF-1142828-6. HCPCS: N/A.","in stock","new","6.99 USD","https://www.baemeds.com/products/cpap-filter-exceleron-medical-disposable-6-per-pack-with-frame","https://imgcdn.mckesson.com/CumulusWeb/Images/Item_Detail/1202156_front.jpg","Spirit Medical","Health & Beauty > Health Care > Respiratory Care","TOP_100_HERO","MCK_1202156"
"prd-1168556","CPAP Filter RESmart Disposable Blue / White","CPAP Filter RESmart Disposable Blue / White. Manufacturer: Sunset Healthcare. MPN: CF8004. HCPCS: N/A.","in stock","new","4.99 USD","https://www.baemeds.com/products/cpap-filter-resmart-disposable-blue-white","https://imgcdn.mckesson.com/CumulusWeb/Images/Item_Detail/1168556_left.jpg","Sunset Healthcare","Health & Beauty > Health Care > Respiratory Care","TOP_100_HERO","MCK_1168556"
"prd-999507","CPAP Filter ICON Plus Ultrafine Disposable 2 per Pack No Tab","CPAP Filter ICON Plus Ultrafine Disposable 2 per Pack No Tab. Manufacturer: Fisher & Paykel. MPN: 900ICON213. HCPCS: N/A.","in stock","new","5.99 USD","https://www.baemeds.com/products/cpap-filter-icon-plus-ultrafine-disposable-2-per-pack-no-tab","https://imgcdn.mckesson.com/CumulusWeb/Images/Item_Detail/999507.jpg","Fisher & Paykel","Health & Beauty > Health Care > Respiratory Care","TOP_100_HERO","MCK_999507"
"prd-1120964","4 Wheel Rollator Lumex® Allura LX Apple Red Adjustable Height / Folding Aluminum Frame","4 Wheel Rollator Lumex® Allura LX Apple Red Adjustable Height / Folding Aluminum Frame. Manufacturer: Graham-Field. MPN: LX5000LXA. HCPCS: N/A.","in stock","new","311.99 USD","https://www.baemeds.com/products/4-wheel-rollator-lumex-allura-lx-apple-red-adjustable-height-folding-aluminum-frame","https://imgcdn.mckesson.com/CumulusWeb/Images/Item_Detail/1120964_left.jpg","Graham-Field","Health & Beauty > Health Care > Mobility & Accessibility","TOP_100_HERO","MCK_1120964"
"prd-787561","Wheelchair Seat Cushion Incontinence Liner Centurian™ Incontinent 18 X 16 Inch","Wheelchair Seat Cushion Incontinence Liner Centurian™ Incontinent 18 X 16 Inch. Manufacturer: Action Products. MPN: COI5205-2. HCPCS: N/A.","in stock","new","65.99 USD","https://www.baemeds.com/products/wheelchair-seat-cushion-incontinence-liner-centurian-incontinent-18-x-16-inch","https://imgcdn.mckesson.com/CumulusWeb/Images/Item_Detail/787561.jpg","Action Products","Health & Beauty > Health Care > Mobility & Accessibility","TOP_100_HERO","MCK_787561"
"prd-787524","Wheelchair Seat Cushion Incontinence Liner Centurian™ Incontinent 16 X 16 Inch","Wheelchair Seat Cushion Incontinence Liner Centurian™ Incontinent 16 X 16 Inch. Manufacturer: Action Products. MPN: COI5200-2. HCPCS: N/A.","in stock","new","65.99 USD","https://www.baemeds.com/products/wheelchair-seat-cushion-incontinence-liner-centurian-incontinent-16-x-16-inch","https://imgcdn.mckesson.com/CumulusWeb/Images/Item_Detail/787524.jpg","Action Products","Health & Beauty > Health Care > Mobility & Accessibility","TOP_100_HERO","MCK_787524"
"prd-787562","Wheelchair Seat Cushion Incontinence Liner Centurian™ Incontinent 18 X 18 Inch","Wheelchair Seat Cushion Incontinence Liner Centurian™ Incontinent 18 X 18 Inch. Manufacturer: Action Products. MPN: COI5208-2. HCPCS: N/A.","in stock","new","72.99 USD","https://www.baemeds.com/products/wheelchair-seat-cushion-incontinence-liner-centurian-incontinent-18-x-18-inch","https://imgcdn.mckesson.com/CumulusWeb/Images/Item_Detail/787562.jpg","Action Products","Health & Beauty > Health Care > Mobility & Accessibility","TOP_100_HERO","MCK_787562"
"prd-787563","Wheelchair Seat Cushion Incontinence Liner Centurian™ Incontinent 20 X 18 Inch","Wheelchair Seat Cushion Incontinence Liner Centurian™ Incontinent 20 X 18 Inch. Manufacturer: Action Products. MPN: COI522018. HCPCS: N/A.","in stock","new","72.99 USD","https://www.baemeds.com/products/wheelchair-seat-cushion-incontinence-liner-centurian-incontinent-20-x-18-inch","https://imgcdn.mckesson.com/CumulusWeb/Images/Item_Detail/787563.jpg","Action Products","Health & Beauty > Health Care > Mobility & Accessibility","TOP_100_HERO","MCK_787563"
"prd-1272541","Measuring Wheel with Telescope Handle FEI Non Slip Level","Measuring Wheel with Telescope Handle FEI Non Slip Level. Manufacturer: Fabrication Enterprises. MPN: 70-0349. HCPCS: N/A.","in stock","new","294.99 USD","https://www.baemeds.com/products/measuring-wheel-with-telescope-handle-fei-non-slip-level","https://imgcdn.mckesson.com/CumulusWeb/Images/Item_Detail/1272541_side.jpg","Fabrication Enterprises","Health & Beauty > Health Care > Mobility & Accessibility","TOP_100_HERO","MCK_1272541"
"prd-251422","Wheelchair Torso Support For Wheelchair","Wheelchair Torso Support For Wheelchair. Manufacturer: Tidi Products. MPN: 3656M. HCPCS: N/A.","in stock","new","45.99 USD","https://www.baemeds.com/products/wheelchair-torso-support-for-wheelchair","https://imgcdn.mckesson.com/CumulusWeb/Images/Item_Detail/1767_3656_2.jpg","Tidi Products","Health & Beauty > Health Care > Mobility & Accessibility","TOP_100_HERO","MCK_251422"
"prd-1215723","Overbed Table McKesson Non-Tilt Top Spring Assisted Lift 28-1/4 to 43-1/4 Inch Height Range","Overbed Table McKesson Non-Tilt Top Spring Assisted Lift 28-1/4 to 43-1/4 Inch Height Range. Manufacturer: McKesson Brand. MPN: 16-11610. HCPCS: N/A.","in stock","new","161.99 USD","https://www.baemeds.com/products/overbed-table-mckesson-non-tilt-top-spring-assisted-lift-28-1-4-to-43-1-4-inch-height-range","https://imgcdn.mckesson.com/CumulusWeb/Images/Item_Detail/1215723_right.jpg","McKesson Brand","Health & Beauty > Health Care > Mobility & Accessibility","TOP_100_HERO","MCK_1215723"
"prd-1215724","Overbed Table McKesson Non-Tilt Top Spring Assisted Lift 28-1/4 to 43-1/4 Inch Height Range","Overbed Table McKesson Non-Tilt Top Spring Assisted Lift 28-1/4 to 43-1/4 Inch Height Range. Manufacturer: McKesson Brand. MPN: 16-11620. HCPCS: N/A.","in stock","new","164.99 USD","https://www.baemeds.com/products/overbed-table-mckesson-non-tilt-top-spring-assisted-lift-28-1-4-to-43-1-4-inch-height-range-1","https://imgcdn.mckesson.com/CumulusWeb/Images/Item_Detail/1215724_left.jpg","McKesson Brand","Health & Beauty > Health Care > Mobility & Accessibility","TOP_100_HERO","MCK_1215724"
"prd-583695","Overbed Table AmFab™ Non-Tilt Top Automatic Spring Assisted Lift 28 to 45 Inch Height Range","Overbed Table AmFab™ Non-Tilt Top Automatic Spring Assisted Lift 28 to 45 Inch Height Range. Manufacturer: AmFab Company. MPN: 1010H1000. HCPCS: N/A.","in stock","new","183.99 USD","https://www.baemeds.com/products/overbed-table-amfab-non-tilt-top-automatic-spring-assisted-lift-28-to-45-inch-height-range","https://imgcdn.mckesson.com/CumulusWeb/Images/Item_Detail/583695.jpg","AmFab Company","Health & Beauty > Health Care > Mobility & Accessibility","TOP_100_HERO","MCK_583695"
"prd-363818","Blood Pressure Connector McKesson LUMEON™ For use with Clock Face Aneroid Sphygmomanometers","Blood Pressure Connector McKesson LUMEON™ For use with Clock Face Aneroid Sphygmomanometers. Manufacturer: McKesson Brand. MPN: 01-891FGM. HCPCS: N/A.","in stock","new","0.99 USD","https://www.baemeds.com/products/blood-pressure-connector-mckesson-lumeon-for-use-with-clock-face-aneroid-sphygmomanometers","https://imgcdn.mckesson.com/CumulusWeb/Images/Item_Detail/363818_pkgfront.jpg","McKesson Brand","Health & Beauty > Health Care > Health Care Equipment > Medical Diagnostic Equipment","TOP_100_HERO","MCK_363818"
"prd-363819","Blood Pressure Connector McKesson LUMEON™ For use with Clock Face Aneroid Sphygmomanometers","Blood Pressure Connector McKesson LUMEON™ For use with Clock Face Aneroid Sphygmomanometers. Manufacturer: McKesson Brand. MPN: 01-891MGM. HCPCS: N/A.","in stock","new","0.99 USD","https://www.baemeds.com/products/blood-pressure-connector-mckesson-lumeon-for-use-with-clock-face-aneroid-sphygmomanometers-1","https://imgcdn.mckesson.com/CumulusWeb/Images/Item_Detail/363819_bc_ea.jpg","McKesson Brand","Health & Beauty > Health Care > Health Care Equipment > Medical Diagnostic Equipment","TOP_100_HERO","MCK_363819"
"prd-803212","Blood Pressure Inflation Bulb McKesson Brand For use with Clock Face Aneroid Sphygmomanometers","Blood Pressure Inflation Bulb McKesson Brand For use with Clock Face Aneroid Sphygmomanometers. Manufacturer: McKesson Brand. MPN: 01-873NGM. HCPCS: N/A.","in stock","new","2.99 USD","https://www.baemeds.com/products/blood-pressure-inflation-bulb-mckesson-brand-for-use-with-clock-face-aneroid-sphygmomanometers","https://imgcdn.mckesson.com/CumulusWeb/Images/Item_Detail/803212_front.jpg","McKesson Brand","Health & Beauty > Health Care > Health Care Equipment > Medical Diagnostic Equipment","TOP_100_HERO","MCK_803212"
"prd-992647","Blood Pressure Inflation Bulb McKesson LUMEON™ For use with Clock Face Aneroid Sphygmomanometers","Blood Pressure Inflation Bulb McKesson LUMEON™ For use with Clock Face Aneroid Sphygmomanometers. Manufacturer: McKesson Brand. MPN: 01-870NGM. HCPCS: N/A.","in stock","new","4.99 USD","https://www.baemeds.com/products/blood-pressure-inflation-bulb-mckesson-lumeon-for-use-with-clock-face-aneroid-sphygmomanometers","https://imgcdn.mckesson.com/CumulusWeb/Images/Item_Detail/992647_right.jpg","McKesson Brand","Health & Beauty > Health Care > Health Care Equipment > Medical Diagnostic Equipment","TOP_100_HERO","MCK_992647"
"prd-807341","Blood Pressure Bulb with Deflation Valve McKesson Brand For use with Clock Face Aneroid Sphygmomanometers","Blood Pressure Bulb with Deflation Valve McKesson Brand For use with Clock Face Aneroid Sphygmomanometers. Manufacturer: McKesson Brand. MPN: 01-875NGM. HCPCS: N/A.","in stock","new","6.99 USD","https://www.baemeds.com/products/blood-pressure-bulb-with-deflation-valve-mckesson-brand-for-use-with-clock-face-aneroid-sphygmomanometers","https://imgcdn.mckesson.com/CumulusWeb/Images/Item_Detail/807341_front.jpg","McKesson Brand","Health & Beauty > Health Care > Health Care Equipment > Medical Diagnostic Equipment","TOP_100_HERO","MCK_807341"
"prd-635135","Single Patient Use Blood Pressure Cuff Tempa-Kuff® 27.5 to 36.5 cm Arm Cloth Fabric Cuff Adult Cuff","Single Patient Use Blood Pressure Cuff Tempa-Kuff® 27.5 to 36.5 cm Arm Cloth Fabric Cuff Adult Cuff. Manufacturer: Welch Allyn. MPN: 39048. HCPCS: N/A.","in stock","new","6.99 USD","https://www.baemeds.com/products/single-patient-use-blood-pressure-cuff-tempa-kuff-27-5-to-36-5-cm-arm-cloth-fabric-cuff-adult-cuff","https://imgcdn.mckesson.com/CumulusWeb/Images/Item_Detail/635135.jpg","Welch Allyn","Health & Beauty > Health Care > Health Care Equipment > Medical Diagnostic Equipment","TOP_100_HERO","MCK_635135"
"prd-363810","Blood Pressure Deflation Valve McKesson LUMEON™ For use with Clock Face Aneroid Sphygmomanometers","Blood Pressure Deflation Valve McKesson LUMEON™ For use with Clock Face Aneroid Sphygmomanometers. Manufacturer: McKesson Brand. MPN: 01-871GM. HCPCS: N/A.","in stock","new","7.99 USD","https://www.baemeds.com/products/blood-pressure-deflation-valve-mckesson-lumeon-for-use-with-clock-face-aneroid-sphygmomanometers","https://imgcdn.mckesson.com/CumulusWeb/Images/Item_Detail/363810_side.jpg","McKesson Brand","Health & Beauty > Health Care > Health Care Equipment > Medical Diagnostic Equipment","TOP_100_HERO","MCK_363810"
"prd-187577","Cushion Grip One Size Fits Most Blue Mild Resistance","Cushion Grip One Size Fits Most Blue Mild Resistance. Manufacturer: Skil-Care. MPN: 201030. HCPCS: N/A.","in stock","new","7.99 USD","https://www.baemeds.com/products/cushion-grip-one-size-fits-most-blue-mild-resistance","https://imgcdn.mckesson.com/CumulusWeb/Images/Item_Detail/187577_ls.jpg","Skil-Care","Health & Beauty > Health Care > Health Care Equipment > Medical Diagnostic Equipment","TOP_100_HERO","MCK_187577"
"prd-746565","Single Patient Use Blood Pressure Cuff FlexiPort® 25 to 34 cm Arm Cloth Fabric Cuff Adult Cuff","Single Patient Use Blood Pressure Cuff FlexiPort® 25 to 34 cm Arm Cloth Fabric Cuff Adult Cuff. Manufacturer: Welch Allyn. MPN: SOFT-11-1SC. HCPCS: N/A.","in stock","new","8.99 USD","https://www.baemeds.com/products/single-patient-use-blood-pressure-cuff-flexiport-25-to-34-cm-arm-cloth-fabric-cuff-adult-cuff","https://imgcdn.mckesson.com/CumulusWeb/Images/Item_Detail/746565_left.jpg","Welch Allyn","Health & Beauty > Health Care > Health Care Equipment > Medical Diagnostic Equipment","TOP_100_HERO","MCK_746565"
"prd-1007666","Blood Pressure Bulb with Deflation Valve McKesson LUMEON™ For use with Clock Face Aneroid Sphygmomanometers","Blood Pressure Bulb with Deflation Valve McKesson LUMEON™ For use with Clock Face Aneroid Sphygmomanometers. Manufacturer: McKesson Brand. MPN: 01-872NGM. HCPCS: N/A.","in stock","new","11.99 USD","https://www.baemeds.com/products/blood-pressure-bulb-with-deflation-valve-mckesson-lumeon-for-use-with-clock-face-aneroid-sphygmomanometers","https://imgcdn.mckesson.com/CumulusWeb/Images/Item_Detail/1007666.jpg","McKesson Brand","Health & Beauty > Health Care > Health Care Equipment > Medical Diagnostic Equipment","TOP_100_HERO","MCK_1007666"
"prd-854635","Blood Glucose Meter QUINTET AC® 5 Second Results Stores up to 500 Results No Coding Required","Blood Glucose Meter QUINTET AC® 5 Second Results Stores up to 500 Results No Coding Required. Manufacturer: McKesson Brand. MPN: 5055. HCPCS: N/A.","in stock","new","0.99 USD","https://www.baemeds.com/products/blood-glucose-meter-quintet-ac-5-second-results-stores-up-to-500-results-no-coding-required","https://imgcdn.mckesson.com/CumulusWeb/Images/Item_Detail/854635_ppkgleft_.jpg","McKesson Brand","Health & Beauty > Health Care > Health Care Equipment > Medical Diagnostic Equipment","TOP_100_HERO","MCK_854635"
"prd-1217978","Lancet for Lancing Device McKesson 28 Gauge Non-Safety Twist Off Cap Finger","Lancet for Lancing Device McKesson 28 Gauge Non-Safety Twist Off Cap Finger. Manufacturer: McKesson Brand. MPN: 16-028-100X. HCPCS: N/A.","in stock","new","1.99 USD","https://www.baemeds.com/products/lancet-for-lancing-device-mckesson-28-gauge-non-safety-twist-off-cap-finger","https://imgcdn.mckesson.com/CumulusWeb/Images/Item_Detail/1217978_pkgleft_.jpg","McKesson Brand","Health & Beauty > Health Care > Health Care Equipment > Medical Diagnostic Equipment","TOP_100_HERO","MCK_1217978"
"prd-1190283","Lancet for Lancing Device Embrace® 30 Gauge Non-Safety Twist Off Cap Finger","Lancet for Lancing Device Embrace® 30 Gauge Non-Safety Twist Off Cap Finger. Manufacturer: Omnis Health. MPN: SHN02GM0123. HCPCS: N/A.","in stock","new","2.99 USD","https://www.baemeds.com/products/lancet-for-lancing-device-embrace-30-gauge-non-safety-twist-off-cap-finger","https://imgcdn.mckesson.com/CumulusWeb/Images/Item_Detail/1190283_ppkgright.jpg","Omnis Health","Health & Beauty > Health Care > Health Care Equipment > Medical Diagnostic Equipment","TOP_100_HERO","MCK_1190283"
"prd-1217979","Lancet for Lancing Device McKesson 30 Gauge Non-Safety Twist Off Cap Finger","Lancet for Lancing Device McKesson 30 Gauge Non-Safety Twist Off Cap Finger. Manufacturer: McKesson Brand. MPN: 16-030-100X. HCPCS: N/A.","in stock","new","2.99 USD","https://www.baemeds.com/products/lancet-for-lancing-device-mckesson-30-gauge-non-safety-twist-off-cap-finger","https://imgcdn.mckesson.com/CumulusWeb/Images/Item_Detail/1217979_pkgleft_.jpg","McKesson Brand","Health & Beauty > Health Care > Health Care Equipment > Medical Diagnostic Equipment","TOP_100_HERO","MCK_1217979"
"prd-997488","Lancet for Lancing Device Sunmark® 28 Gauge Non-Safety Twist Off Cap Multiple Sites","Lancet for Lancing Device Sunmark® 28 Gauge Non-Safety Twist Off Cap Multiple Sites. Manufacturer: McKesson Brand. MPN: 56151014260. HCPCS: N/A.","in stock","new","2.99 USD","https://www.baemeds.com/products/lancet-for-lancing-device-sunmark-28-gauge-non-safety-twist-off-cap-multiple-sites","https://imgcdn.mckesson.com/CumulusWeb/Images/Item_Detail/997488_pkgleft.jpg","McKesson Brand","Health & Beauty > Health Care > Health Care Equipment > Medical Diagnostic Equipment","TOP_100_HERO","MCK_997488"
"prd-1125772","Blood Glucose Control Solution Embrace® Talk 2.5 mL Level 1","Blood Glucose Control Solution Embrace® Talk 2.5 mL Level 1. Manufacturer: Omnis Health. MPN: APX03AB0318. HCPCS: N/A.","in stock","new","3.99 USD","https://www.baemeds.com/products/blood-glucose-control-solution-embrace-talk-2-5-ml-level-1","https://imgcdn.mckesson.com/CumulusWeb/Images/Item_Detail/1125772_ppkgleft.jpg","Omnis Health","Health & Beauty > Health Care > Health Care Equipment > Medical Diagnostic Equipment","TOP_100_HERO","MCK_1125772"
"prd-1125773","Blood Glucose Control Solution Embrace® Talk 2.5 mL Level 2","Blood Glucose Control Solution Embrace® Talk 2.5 mL Level 2. Manufacturer: Omnis Health. MPN: APX03AB0317. HCPCS: N/A.","in stock","new","3.99 USD","https://www.baemeds.com/products/blood-glucose-control-solution-embrace-talk-2-5-ml-level-2","https://imgcdn.mckesson.com/CumulusWeb/Images/Item_Detail/1125773_pkgleft.jpg","Omnis Health","Health & Beauty > Health Care > Health Care Equipment > Medical Diagnostic Equipment","TOP_100_HERO","MCK_1125773"
"prd-997489","Lancet for Lancing Device Sunmark® 30 Gauge Non-Safety Twist Off Cap Multiple Sites","Lancet for Lancing Device Sunmark® 30 Gauge Non-Safety Twist Off Cap Multiple Sites. Manufacturer: McKesson Brand. MPN: 56151014401. HCPCS: N/A.","in stock","new","4.99 USD","https://www.baemeds.com/products/lancet-for-lancing-device-sunmark-30-gauge-non-safety-twist-off-cap-multiple-sites","https://imgcdn.mckesson.com/CumulusWeb/Images/Item_Detail/997489_pkgleft_.jpg","McKesson Brand","Health & Beauty > Health Care > Health Care Equipment > Medical Diagnostic Equipment","TOP_100_HERO","MCK_997489"
"prd-1125163","Blood Glucose Meter Embrace® 6 Second Results Stores up to 300 Results No Coding Required","Blood Glucose Meter Embrace® 6 Second Results Stores up to 300 Results No Coding Required. Manufacturer: Omnis Health. MPN: APX03AB0300. HCPCS: N/A.","in stock","new","4.99 USD","https://www.baemeds.com/products/blood-glucose-meter-embrace-6-second-results-stores-up-to-300-results-no-coding-required","https://imgcdn.mckesson.com/CumulusWeb/Images/Item_Detail/1125163_ppkgright.jpg","Omnis Health","Health & Beauty > Health Care > Health Care Equipment > Medical Diagnostic Equipment","TOP_100_HERO","MCK_1125163"
"prd-840884","Lancet for Lancing Device TRUEplus™ 33 Gauge Non-Safety Twist Off Cap Finger","Lancet for Lancing Device TRUEplus™ 33 Gauge Non-Safety Twist Off Cap Finger. Manufacturer: Trividia Health Inc. MPN: 743533. HCPCS: N/A.","in stock","new","4.99 USD","https://www.baemeds.com/products/lancet-for-lancing-device-trueplus-33-gauge-non-safety-twist-off-cap-finger","https://imgcdn.mckesson.com/CumulusWeb/Images/Item_Detail/840884_pkgleft.jpg","Trividia Health Inc","Health & Beauty > Health Care > Health Care Equipment > Medical Diagnostic Equipment","TOP_100_HERO","MCK_840884"
"prd-1190300","Handheld Nebulizer Kit Hudson RCI® Small Volume Medication Cup Adult / Pediatric Mouthpiece Delivery","Handheld Nebulizer Kit Hudson RCI® Small Volume Medication Cup Adult / Pediatric Mouthpiece Delivery. Manufacturer: Medline. MPN: HUDRHS883U. HCPCS: N/A.","in stock","new","83.99 USD","https://www.baemeds.com/products/handheld-nebulizer-kit-hudson-rci-small-volume-medication-cup-adult-pediatric-mouthpiece-delivery","https://imgcdn.mckesson.com/CumulusWeb/Images/Item_Detail/1190300_front.jpg","Medline","Health & Beauty > Health Care > Respiratory Care","TOP_100_HERO","MCK_1190300"
"prd-1051372","Humidification Chamber AirLife® Unfilled","Humidification Chamber AirLife® Unfilled. Manufacturer: Sun Med. MPN: AH290. HCPCS: N/A.","in stock","new","245.99 USD","https://www.baemeds.com/products/humidification-chamber-airlife-unfilled","https://imgcdn.mckesson.com/CumulusWeb/Images/Item_Detail/1051372.jpg","Sun Med","Health & Beauty > Health Care > Respiratory Care","TOP_100_HERO","MCK_1051372"
"prd-477143","Handheld Nebulizer Kit PediNeb™ Small Volume Medication Cup Pediatric Pacifier Delivery","Handheld Nebulizer Kit PediNeb™ Small Volume Medication Cup Pediatric Pacifier Delivery. Manufacturer: Sun Med. MPN: 382. HCPCS: N/A.","in stock","new","163.99 USD","https://www.baemeds.com/products/handheld-nebulizer-kit-pedineb-small-volume-medication-cup-pediatric-pacifier-delivery","https://imgcdn.mckesson.com/CumulusWeb/Images/Item_Detail/477143.JPG","Sun Med","Health & Beauty > Health Care > Respiratory Care","TOP_100_HERO","MCK_477143"
"prd-537377","Humidifier Bottle with Adapter Portex® 350 mL Sterile Water Adult / Pediatric","Humidifier Bottle with Adapter Portex® 350 mL Sterile Water Adult / Pediatric. Manufacturer: Amsino International. MPN: AS0352. HCPCS: N/A.","in stock","new","52.99 USD","https://www.baemeds.com/products/humidifier-bottle-with-adapter-portex-350-ml-sterile-water-adult-pediatric","https://imgcdn.mckesson.com/CumulusWeb/Images/Item_Detail/537377.jpg","Amsino International","Health & Beauty > Health Care > Respiratory Care","TOP_100_HERO","MCK_537377"
"prd-243936","Bubble Humidifier B & F Medical 300 mL Unfilled Adult / Pediatric","Bubble Humidifier B & F Medical 300 mL Unfilled Adult / Pediatric. Manufacturer: Allied Healthcare. MPN: 64376. HCPCS: N/A.","in stock","new","267.99 USD","https://www.baemeds.com/products/bubble-humidifier-b-f-medical-300-ml-unfilled-adult-pediatric","https://imgcdn.mckesson.com/CumulusWeb/Images/Item_Detail/243936_front.jpg","Allied Healthcare","Health & Beauty > Health Care > Respiratory Care","TOP_100_HERO","MCK_243936"
"prd-10801","Nebulizer AirLife™ Large Volume Medication Bottle Adult / Pediatric Mouthpiece Delivery","Nebulizer AirLife™ Large Volume Medication Bottle Adult / Pediatric Mouthpiece Delivery. Manufacturer: Sun Med. MPN: 5007P. HCPCS: N/A.","in stock","new","235.99 USD","https://www.baemeds.com/products/nebulizer-airlife-large-volume-medication-bottle-adult-pediatric-mouthpiece-delivery","https://imgcdn.mckesson.com/CumulusWeb/Images/Item_Detail/2635_002002_2.jpg","Sun Med","Health & Beauty > Health Care > Respiratory Care","TOP_100_HERO","MCK_10801"
"prd-927929","Handheld Nebulizer Kit PediNeb™ Small Volume Medication Cup Pediatric Pacifier Delivery","Handheld Nebulizer Kit PediNeb™ Small Volume Medication Cup Pediatric Pacifier Delivery. Manufacturer: Sun Med. MPN: 385. HCPCS: N/A.","in stock","new","167.99 USD","https://www.baemeds.com/products/handheld-nebulizer-kit-pedineb-small-volume-medication-cup-pediatric-pacifier-delivery-1","https://imgcdn.mckesson.com/CumulusWeb/Images/Item_Detail/927929.jpg","Sun Med","Health & Beauty > Health Care > Respiratory Care","TOP_100_HERO","MCK_927929"
"prd-216982","Handheld Nebulizer Kit B & F Medical Small Volume Medication Cup Adult / Pediatric Mouthpiece Delivery","Handheld Nebulizer Kit B & F Medical Small Volume Medication Cup Adult / Pediatric Mouthpiece Delivery. Manufacturer: Allied Healthcare. MPN: 61400. HCPCS: N/A.","in stock","new","161.99 USD","https://www.baemeds.com/products/handheld-nebulizer-kit-b-f-medical-small-volume-medication-cup-adult-pediatric-mouthpiece-delivery","https://imgcdn.mckesson.com/CumulusWeb/Images/Item_Detail/1161_61400_2.jpg","Allied Healthcare","Health & Beauty > Health Care > Respiratory Care","TOP_100_HERO","MCK_216982"
"prd-720040","Handheld Nebulizer Kit Salter Labs® 8900 Series Small Volume Medication Cup Adult / Pediatric Mouthpiece Delivery","Handheld Nebulizer Kit Salter Labs® 8900 Series Small Volume Medication Cup Adult / Pediatric Mouthpiece Delivery. Manufacturer: Sun Med. MPN: 8912-0-50. HCPCS: N/A.","in stock","new","134.99 USD","https://www.baemeds.com/products/handheld-nebulizer-kit-salter-labs-8900-series-small-volume-medication-cup-adult-pediatric-mouthpiece-delivery","https://imgcdn.mckesson.com/CumulusWeb/Images/Item_Detail/720040.jpg","Sun Med","Health & Beauty > Health Care > Respiratory Care","TOP_100_HERO","MCK_720040"
"prd-144182","Aquapak® Sterile Water Liquid 1,070 mL","Aquapak® Sterile Water Liquid 1,070 mL. Manufacturer: Medline. MPN: HUD04000. HCPCS: N/A.","in stock","new","46.99 USD","https://www.baemeds.com/products/aquapak-sterile-water-liquid-1-070-ml","https://imgcdn.mckesson.com/CumulusWeb/Images/Item_Detail/144182_front.jpg","Medline","Health & Beauty > Health Care > Respiratory Care","TOP_100_HERO","MCK_144182"
"prd-911719","Oxygen Mask McKesson Elongated Style Adult One Size Fits Most Adjustable Head Strap","Oxygen Mask McKesson Elongated Style Adult One Size Fits Most Adjustable Head Strap. Manufacturer: McKesson Brand. MPN: 32633. HCPCS: N/A.","in stock","new","1.99 USD","https://www.baemeds.com/products/oxygen-mask-mckesson-elongated-style-adult-one-size-fits-most-adjustable-head-strap","https://imgcdn.mckesson.com/CumulusWeb/Images/Item_Detail/911719_front.jpg","McKesson Brand","Health & Beauty > Health Care > Respiratory Care","TOP_100_HERO","MCK_911719"
"prd-382055","Oxygen Mask Salter Labs® Elongated Style Pediatric Adjustable Head Strap","Oxygen Mask Salter Labs® Elongated Style Pediatric Adjustable Head Strap. Manufacturer: Sun Med. MPN: 1122-7-50. HCPCS: N/A.","in stock","new","3.99 USD","https://www.baemeds.com/products/oxygen-mask-salter-labs-elongated-style-pediatric-adjustable-head-strap","https://imgcdn.mckesson.com/CumulusWeb/Images/Item_Detail/2281_1122_2.jpg","Sun Med","Health & Beauty > Health Care > Respiratory Care","TOP_100_HERO","MCK_382055"
"prd-335762","Ventilator Circuit Without Tubing Without Tubing Single Limb Pediatric Without Breathing Bag Single Patient Use","Ventilator Circuit Without Tubing Without Tubing Single Limb Pediatric Without Breathing Bag Single Patient Use. Manufacturer: Sun Med. MPN: 5550-504. HCPCS: N/A.","in stock","new","4.99 USD","https://www.baemeds.com/products/ventilator-circuit-without-tubing-without-tubing-single-limb-pediatric-without-breathing-bag-single-patient-use","https://imgcdn.mckesson.com/CumulusWeb/Images/Item_Detail/335762_right.jpg","Sun Med","Health & Beauty > Health Care > Respiratory Care","TOP_100_HERO","MCK_335762"
"prd-911720","NonRebreather Oxygen Mask McKesson Elongated Style Adult One Size Fits Most Adjustable Head Strap / Nose Clip","NonRebreather Oxygen Mask McKesson Elongated Style Adult One Size Fits Most Adjustable Head Strap / Nose Clip. Manufacturer: McKesson Brand. MPN: 32634. HCPCS: N/A.","in stock","new","4.99 USD","https://www.baemeds.com/products/nonrebreather-oxygen-mask-mckesson-elongated-style-adult-one-size-fits-most-adjustable-head-strap-nose-clip","https://imgcdn.mckesson.com/CumulusWeb/Images/Item_Detail/911720_front.jpg","McKesson Brand","Health & Beauty > Health Care > Respiratory Care","TOP_100_HERO","MCK_911720"
"prd-848480","NonRebreather Oxygen Mask Curaplex® Elongated Style Infant Adjustable Head Strap","NonRebreather Oxygen Mask Curaplex® Elongated Style Infant Adjustable Head Strap. Manufacturer: Bound Tree Medical. MPN: 410266. HCPCS: N/A.","in stock","new","6.99 USD","https://www.baemeds.com/products/nonrebreather-oxygen-mask-curaplex-elongated-style-infant-adjustable-head-strap","https://imgcdn.mckesson.com/CumulusWeb/Images/Item_Detail/848480.jpg","Bound Tree Medical","Health & Beauty > Health Care > Respiratory Care","TOP_100_HERO","MCK_848480"
"prd-1207426","CPR Face Mask Basic Medical Mouth to Mask Single Use","CPR Face Mask Basic Medical Mouth to Mask Single Use. Manufacturer: MedSource International. MPN: MS-PM103W. HCPCS: N/A.","in stock","new","8.99 USD","https://www.baemeds.com/products/cpr-face-mask-basic-medical-mouth-to-mask-single-use","https://imgcdn.mckesson.com/CumulusWeb/Images/Item_Detail/1207426_ppkgright.jpg","MedSource International","Health & Beauty > Health Care > Respiratory Care","TOP_100_HERO","MCK_1207426"
"prd-554356","CPR Face Mask with Case Adsafe™ Mouth to Mask Single Use","CPR Face Mask with Case Adsafe™ Mouth to Mask Single Use. Manufacturer: American Diagnostic Corp. MPN: 4053. HCPCS: N/A.","in stock","new","16.99 USD","https://www.baemeds.com/products/cpr-face-mask-with-case-adsafe-mouth-to-mask-single-use","https://imgcdn.mckesson.com/CumulusWeb/Images/Item_Detail/554356_pkit.jpg","American Diagnostic Corp","Health & Beauty > Health Care > Respiratory Care","TOP_100_HERO","MCK_554356"
"prd-1070989","CPR Face Mask with Case One Way Valve Single Use","CPR Face Mask with Case One Way Valve Single Use. Manufacturer: Work N Leisure Products Inc. MPN: FAK5000SGI-RED. HCPCS: N/A.","in stock","new","18.99 USD","https://www.baemeds.com/products/cpr-face-mask-with-case-one-way-valve-single-use","https://imgcdn.mckesson.com/CumulusWeb/Images/Item_Detail/1070989_pkit.jpg","Work N Leisure Products Inc","Health & Beauty > Health Care > Respiratory Care","TOP_100_HERO","MCK_1070989"
"prd-533718","Resuscitator Spur® II","Resuscitator Spur® II. Manufacturer: Ambu. MPN: 520211000. HCPCS: N/A.","in stock","new","26.99 USD","https://www.baemeds.com/products/resuscitator-spur-ii","https://imgcdn.mckesson.com/CumulusWeb/Images/Item_Detail/533718_front.jpg","Ambu","Health & Beauty > Health Care > Respiratory Care","TOP_100_HERO","MCK_533718"
"prd-544775","Resuscitator Spur® II","Resuscitator Spur® II. Manufacturer: Ambu. MPN: 520611000. HCPCS: N/A.","in stock","new","27.99 USD","https://www.baemeds.com/products/resuscitator-spur-ii-1","https://imgcdn.mckesson.com/CumulusWeb/Images/Item_Detail/544775_front.jpg","Ambu","Health & Beauty > Health Care > Respiratory Care","TOP_100_HERO","MCK_544775"
"prd-1168892","Fingertip Pulse Oximeter Dynarex Adult Battery Operated LED Display","Fingertip Pulse Oximeter Dynarex Adult Battery Operated LED Display. Manufacturer: Dynarex. MPN: 7088-10. HCPCS: N/A.","in stock","new","698.99 USD","https://www.baemeds.com/products/fingertip-pulse-oximeter-dynarex-adult-battery-operated-led-display","https://imgcdn.mckesson.com/CumulusWeb/Images/Item_Detail/1168892_group.jpg","Dynarex","Health & Beauty > Health Care > Health Care Equipment > Medical Diagnostic Equipment","TOP_100_HERO","MCK_1168892"
"prd-1175571","Fingertip Pulse Oximeter Soft-Touch Adult Battery Operated OLED Display","Fingertip Pulse Oximeter Soft-Touch Adult Battery Operated OLED Display. Manufacturer: Medline. MPN: HCSM70S. HCPCS: N/A.","in stock","new","135.99 USD","https://www.baemeds.com/products/fingertip-pulse-oximeter-soft-touch-adult-battery-operated-oled-display","https://imgcdn.mckesson.com/CumulusWeb/Images/Item_Detail/1175571_ppkgleft.jpg","Medline","Health & Beauty > Health Care > Health Care Equipment > Medical Diagnostic Equipment","TOP_100_HERO","MCK_1175571"
"prd-941909","Handheld Pulse Oximeter Nellcor™ Adult Battery Operated LCD Display","Handheld Pulse Oximeter Nellcor™ Adult Battery Operated LCD Display. Manufacturer: Medtronic MITG. MPN: PM10N-NA. HCPCS: N/A.","in stock","new","703.99 USD","https://www.baemeds.com/products/handheld-pulse-oximeter-nellcor-adult-battery-operated-lcd-display","https://imgcdn.mckesson.com/CumulusWeb/Images/Item_Detail/941909_right.jpg","Medtronic MITG","Health & Beauty > Health Care > Health Care Equipment > Medical Diagnostic Equipment","TOP_100_HERO","MCK_941909"
"prd-1010521","SpO2 Sensor PureLight® Multi-Site Reusable 3 Foot Cord","SpO2 Sensor PureLight® Multi-Site Reusable 3 Foot Cord. Manufacturer: Nonin Medical. MPN: 6837-000. HCPCS: N/A.","in stock","new","376.99 USD","https://www.baemeds.com/products/spo2-sensor-purelight-multi-site-reusable-3-foot-cord","https://imgcdn.mckesson.com/CumulusWeb/Images/Item_Detail/1010521.jpg","Nonin Medical","Health & Beauty > Health Care > Health Care Equipment > Medical Diagnostic Equipment","TOP_100_HERO","MCK_1010521"
"prd-906798","SpO2 Sensor PureLight® Finger Adult Reusable 3 Foot / 1 Meter Cord","SpO2 Sensor PureLight® Finger Adult Reusable 3 Foot / 1 Meter Cord. Manufacturer: Nonin Medical. MPN: 0741-000. HCPCS: N/A.","in stock","new","243.99 USD","https://www.baemeds.com/products/spo2-sensor-purelight-finger-adult-reusable-3-foot-1-meter-cord","https://imgcdn.mckesson.com/CumulusWeb/Images/Item_Detail/906798.jpg","Nonin Medical","Health & Beauty > Health Care > Health Care Equipment > Medical Diagnostic Equipment","TOP_100_HERO","MCK_906798"
"prd-1166905","Fingertip Pulse Oximeter Baseline® Pediatric Battery Operated OLED Display","Fingertip Pulse Oximeter Baseline® Pediatric Battery Operated OLED Display. Manufacturer: Fabrication Enterprises. MPN: Dec-35. HCPCS: N/A.","in stock","new","61.99 USD","https://www.baemeds.com/products/fingertip-pulse-oximeter-baseline-pediatric-battery-operated-oled-display","https://imgcdn.mckesson.com/CumulusWeb/Images/Item_Detail/1166905_left.jpg","Fabrication Enterprises","Health & Beauty > Health Care > Health Care Equipment > Medical Diagnostic Equipment","TOP_100_HERO","MCK_1166905"
"prd-852984","Handheld Pulse Oximeter 8500 Series Adult Battery Operated LED Display","Handheld Pulse Oximeter 8500 Series Adult Battery Operated LED Display. Manufacturer: Nonin Medical. MPN: 113303-001. HCPCS: N/A.","in stock","new","912.99 USD","https://www.baemeds.com/products/handheld-pulse-oximeter-8500-series-adult-battery-operated-led-display","https://imgcdn.mckesson.com/CumulusWeb/Images/Item_Detail/852984.jpg","Nonin Medical","Health & Beauty > Health Care > Health Care Equipment > Medical Diagnostic Equipment","TOP_100_HERO","MCK_852984"
"prd-525112","SpO2 Sensor SoftCare® Foot Infant Single Patient Use","SpO2 Sensor SoftCare® Foot Infant Single Patient Use. Manufacturer: Medtronic MITG. MPN: SC-NEO. HCPCS: N/A.","in stock","new","904.99 USD","https://www.baemeds.com/products/spo2-sensor-softcare-foot-infant-single-patient-use","https://imgcdn.mckesson.com/CumulusWeb/Images/Item_Detail/525112_front.jpg","Medtronic MITG","Health & Beauty > Health Care > Health Care Equipment > Medical Diagnostic Equipment","TOP_100_HERO","MCK_525112"
"prd-372347","SpO2 Sensor OxiMax™ Multi-Site Adult Reusable","SpO2 Sensor OxiMax™ Multi-Site Adult Reusable. Manufacturer: Medical Grade. MPN: 372347. HCPCS: N/A.","in stock","new","223.99 USD","https://www.baemeds.com/products/spo2-sensor-oximax-multi-site-adult-reusable","https://imgcdn.mckesson.com/CumulusWeb/Images/Item_Detail/372347_ppkgleft.jpg","Medical Grade","Health & Beauty > Health Care > Health Care Equipment > Medical Diagnostic Equipment","TOP_100_HERO","MCK_372347"
"prd-1153608","SpO2 Sensor Nellcor® Finger Multiple Users Single Patient Use","SpO2 Sensor Nellcor® Finger Multiple Users Single Patient Use. Manufacturer: Medtronic MITG. MPN: MAX-PAC. HCPCS: N/A.","in stock","new","153.99 USD","https://www.baemeds.com/products/spo2-sensor-nellcor-finger-multiple-users-single-patient-use","https://imgcdn.mckesson.com/CumulusWeb/Images/Item_Detail/1153608_front.jpg","Medtronic MITG","Health & Beauty > Health Care > Health Care Equipment > Medical Diagnostic Equipment","TOP_100_HERO","MCK_1153608"
"prd-1292657","Wearable Double Electric Breast Pump Momcozy S12 Pro Quick","Wearable Double Electric Breast Pump Momcozy S12 Pro Quick. Manufacturer: Root Technology Ltd. MPN: BP335-WH71000B00102-A. HCPCS: N/A.","in stock","new","2080.99 USD","https://www.baemeds.com/products/wearable-double-electric-breast-pump-momcozy-s12-pro-quick","https://imgcdn.mckesson.com/CumulusWeb/Images/Item_Detail/1292657_pkit.jpg","Root Technology Ltd","Health & Beauty > Health Care > Health Care Equipment","TOP_100_HERO","MCK_1292657"
"prd-1276727","Hands Free Double Electric Breast Pump Z2 Shabbat Mode™ Edition","Hands Free Double Electric Breast Pump Z2 Shabbat Mode™ Edition. Manufacturer: Zev Supplies Corp. MPN: Z2-SM-SHFCC-NYB. HCPCS: N/A.","in stock","new","528.99 USD","https://www.baemeds.com/products/hands-free-double-electric-breast-pump-z2-shabbat-mode-edition","https://imgcdn.mckesson.com/CumulusWeb/Images/Item_Detail/1276727_pkit.jpg","Zev Supplies Corp","Health & Beauty > Health Care > Health Care Equipment","TOP_100_HERO","MCK_1276727"
"prd-1173760","Single / Double Electric Breast Pump Kit Spectra S1 Plus","Single / Double Electric Breast Pump Kit Spectra S1 Plus. Manufacturer: Mother's Milk Inc. MPN: MM011091. HCPCS: N/A.","in stock","new","281.99 USD","https://www.baemeds.com/products/single-double-electric-breast-pump-kit-spectra-s1-plus","https://imgcdn.mckesson.com/CumulusWeb/Images/Item_Detail/1173760_pkit.jpg","Mother's Milk Inc","Health & Beauty > Health Care > Health Care Equipment","TOP_100_HERO","MCK_1173760"
"prd-1261817","Hands Free Double Electric Breast Pump Momcozy S12 Pro","Hands Free Double Electric Breast Pump Momcozy S12 Pro. Manufacturer: Root Technology Ltd. MPN: BP058-WH00BA-A. HCPCS: N/A.","in stock","new","156.99 USD","https://www.baemeds.com/products/hands-free-double-electric-breast-pump-momcozy-s12-pro","https://imgcdn.mckesson.com/CumulusWeb/Images/Item_Detail/1261817_ppkgright.jpg","Root Technology Ltd","Health & Beauty > Health Care > Health Care Equipment","TOP_100_HERO","MCK_1261817"
"prd-1256458","Double Electric Breast Pump with Go Cups Hands-Free Collection Cups Rumble Tuff® Whisper-C","Double Electric Breast Pump with Go Cups Hands-Free Collection Cups Rumble Tuff® Whisper-C. Manufacturer: A Cute Baby Inc. MPN: 208DU2-C. HCPCS: N/A.","in stock","new","583.99 USD","https://www.baemeds.com/products/double-electric-breast-pump-with-go-cups-hands-free-collection-cups-rumble-tuff-whisper-c","https://imgcdn.mckesson.com/CumulusWeb/Images/Item_Detail/1256458_pkit.jpg","A Cute Baby Inc","Health & Beauty > Health Care > Health Care Equipment","TOP_100_HERO","MCK_1256458"
"prd-1257269","Double Electric Breast Pump Spectra® S2 Plus™","Double Electric Breast Pump Spectra® S2 Plus™. Manufacturer: Mother's Milk Inc. MPN: MM011305-TGMS. HCPCS: N/A.","in stock","new","265.99 USD","https://www.baemeds.com/products/double-electric-breast-pump-spectra-s2-plus","https://imgcdn.mckesson.com/CumulusWeb/Images/Item_Detail/1257269_pkit.jpg","Mother's Milk Inc","Health & Beauty > Health Care > Health Care Equipment","TOP_100_HERO","MCK_1257269"
"prd-1181796","Double Electric Breast Pump Zomee Z2","Double Electric Breast Pump Zomee Z2. Manufacturer: Medical Grade. MPN: 1181796. HCPCS: E0603.","in stock","new","1086.99 USD","https://www.baemeds.com/products/double-electric-breast-pump-zomee-z2","https://imgcdn.mckesson.com/CumulusWeb/Images/Item_Detail/1181796_front.jpg","Medical Grade","Health & Beauty > Health Care > Health Care Equipment","TOP_100_HERO","MCK_1181796"
"prd-1289137","Wearable Double Electric Breast Pump Momcozy Air 1 Ultra-Slim","Wearable Double Electric Breast Pump Momcozy Air 1 Ultra-Slim. Manufacturer: Root Technology Ltd. MPN: BP335-NR71BA-B. HCPCS: N/A.","in stock","new","415.99 USD","https://www.baemeds.com/products/wearable-double-electric-breast-pump-momcozy-air-1-ultra-slim","https://imgcdn.mckesson.com/CumulusWeb/Images/Item_Detail/1289137_ppkgfront.jpg","Root Technology Ltd","Health & Beauty > Health Care > Health Care Equipment","TOP_100_HERO","MCK_1289137"
"prd-1225064","Hands Free Double Electric Breast Pump Freestyle™","Hands Free Double Electric Breast Pump Freestyle™. Manufacturer: Medela. MPN: 101044164. HCPCS: N/A.","in stock","new","330.99 USD","https://www.baemeds.com/products/hands-free-double-electric-breast-pump-freestyle","https://imgcdn.mckesson.com/CumulusWeb/Images/Item_Detail/1225064_front.jpg","Medela","Health & Beauty > Health Care > Health Care Equipment","TOP_100_HERO","MCK_1225064"
"prd-1195493","Double Electric Breast Pump Kit Ameda® Mya™ Joy Plus Deluxe","Double Electric Breast Pump Kit Ameda® Mya™ Joy Plus Deluxe. Manufacturer: Ameda Inc. MPN: 132A06. HCPCS: N/A.","in stock","new","220.99 USD","https://www.baemeds.com/products/double-electric-breast-pump-kit-ameda-mya-joy-plus-deluxe","https://imgcdn.mckesson.com/CumulusWeb/Images/Item_Detail/1195493_pkit.jpg","Ameda Inc","Health & Beauty > Health Care > Health Care Equipment","TOP_100_HERO","MCK_1195493"
"prd-165216","Incontinence Liner Wings™ 7 X 17 Inch Moderate Absorbency Polymer Core One Size Fits Most","Incontinence Liner Wings™ 7 X 17 Inch Moderate Absorbency Polymer Core One Size Fits Most. Manufacturer: Cardinal. MPN: 635A. HCPCS: N/A.","in stock","new","80.99 USD","https://www.baemeds.com/products/incontinence-liner-wings-7-x-17-inch-moderate-absorbency-polymer-core-one-size-fits-most","https://imgcdn.mckesson.com/CumulusWeb/Images/Item_Detail/165216_ppkgleft.jpg","Cardinal","Health & Beauty > Health Care > Health Care Equipment","TOP_100_HERO","MCK_165216"
"prd-580352","Incontinence Brief TENA® Ultra Adult Large Unisex Disposable Heavy Absorbency","Incontinence Brief TENA® Ultra Adult Large Unisex Disposable Heavy Absorbency. Manufacturer: Essity HMS North America Inc. MPN: 67351. HCPCS: N/A.","in stock","new","106.99 USD","https://www.baemeds.com/products/incontinence-brief-tena-ultra-adult-large-unisex-disposable-heavy-absorbency","https://imgcdn.mckesson.com/CumulusWeb/Images/Item_Detail/580352_ppkgfront.jpg","Essity HMS North America Inc","Health & Beauty > Health Care > Health Care Equipment","TOP_100_HERO","MCK_580352"
"prd-321487","Incontinence Brief TENA ProSkin™ Ultra Adult Large Unisex Disposable Heavy Absorbency","Incontinence Brief TENA ProSkin™ Ultra Adult Large Unisex Disposable Heavy Absorbency. Manufacturer: Essity HMS North America Inc. MPN: 67300. HCPCS: N/A.","in stock","new","62.99 USD","https://www.baemeds.com/products/incontinence-brief-tena-proskin-ultra-adult-large-unisex-disposable-heavy-absorbency","https://imgcdn.mckesson.com/CumulusWeb/Images/Item_Detail/321487_pkgfront.jpg","Essity HMS North America Inc","Health & Beauty > Health Care > Health Care Equipment","TOP_100_HERO","MCK_321487"
"prd-860104","Absorbent Underwear MoliCare® Premium Mobile 6D Pull On with Tear Away Seams Adult X-Large Unisex Disposable Moderate Absorbency","Absorbent Underwear MoliCare® Premium Mobile 6D Pull On with Tear Away Seams Adult X-Large Unisex Disposable Moderate Absorbency. Manufacturer: Hartmann. MPN: 915834. HCPCS: N/A.","in stock","new","36.99 USD","https://www.baemeds.com/products/absorbent-underwear-molicare-premium-mobile-6d-pull-on-with-tear-away-seams-adult-x-large-unisex-disposable-moderate-absorbency","https://imgcdn.mckesson.com/CumulusWeb/Images/Item_Detail/860104_ppkgfront.jpg","Hartmann","Health & Beauty > Health Care > Health Care Equipment","TOP_100_HERO","MCK_860104"
"prd-1128076","Absorbent Underwear Attends® Premier Pull On with Tear Away Seams Adult Medium Unisex Disposable Heavy Absorbency","Absorbent Underwear Attends® Premier Pull On with Tear Away Seams Adult Medium Unisex Disposable Heavy Absorbency. Manufacturer: Attends Healthcare Products. MPN: ALI-UW20. HCPCS: N/A.","in stock","new","34.99 USD","https://www.baemeds.com/products/absorbent-underwear-attends-premier-pull-on-with-tear-away-seams-adult-medium-unisex-disposable-heavy-absorbency","https://imgcdn.mckesson.com/CumulusWeb/Images/Item_Detail/1128076_ppkgleft.jpg","Attends Healthcare Products","Health & Beauty > Health Care > Health Care Equipment","TOP_100_HERO","MCK_1128076"
"prd-628594","Incontinence Brief TENA ProSkin™ Super Adult X-Large Unisex Disposable Heavy Absorbency","Incontinence Brief TENA ProSkin™ Super Adult X-Large Unisex Disposable Heavy Absorbency. Manufacturer: Essity HMS North America Inc. MPN: 68011. HCPCS: N/A.","in stock","new","34.99 USD","https://www.baemeds.com/products/incontinence-brief-tena-proskin-super-adult-x-large-unisex-disposable-heavy-absorbency","https://imgcdn.mckesson.com/CumulusWeb/Images/Item_Detail/628594_pkgfront.jpg","Essity HMS North America Inc","Health & Beauty > Health Care > Health Care Equipment","TOP_100_HERO","MCK_628594"
"prd-628610","Incontinence Brief TENA ProSkin™ Ultra Adult X-Large Unisex Disposable Heavy Absorbency","Incontinence Brief TENA ProSkin™ Ultra Adult X-Large Unisex Disposable Heavy Absorbency. Manufacturer: Essity HMS North America Inc. MPN: 68010. HCPCS: N/A.","in stock","new","20.99 USD","https://www.baemeds.com/products/incontinence-brief-tena-proskin-ultra-adult-x-large-unisex-disposable-heavy-absorbency","https://imgcdn.mckesson.com/CumulusWeb/Images/Item_Detail/628610_pkgfront.jpg","Essity HMS North America Inc","Health & Beauty > Health Care > Health Care Equipment","TOP_100_HERO","MCK_628610"
"prd-683242","Incontinence Brief TENA® Small Brief Adult Small Unisex Disposable Moderate Absorbency","Incontinence Brief TENA® Small Brief Adult Small Unisex Disposable Moderate Absorbency. Manufacturer: Essity HMS North America Inc. MPN: 66100. HCPCS: N/A.","in stock","new","11.99 USD","https://www.baemeds.com/products/incontinence-brief-tena-small-brief-adult-small-unisex-disposable-moderate-absorbency","https://imgcdn.mckesson.com/CumulusWeb/Images/Item_Detail/683242_ppkgfront.jpg","Essity HMS North America Inc","Health & Beauty > Health Care > Health Care Equipment","TOP_100_HERO","MCK_683242"
"prd-1234966","Absorbent Underwear FitRight® Bariatric Pull On with Tear Away Seams Adult 2X-Large Unisex Disposable Heavy Absorbency","Absorbent Underwear FitRight® Bariatric Pull On with Tear Away Seams Adult 2X-Large Unisex Disposable Heavy Absorbency. Manufacturer: Medline. MPN: FIT700A. HCPCS: N/A.","in stock","new","54.99 USD","https://www.baemeds.com/products/absorbent-underwear-fitright-bariatric-pull-on-with-tear-away-seams-adult-2x-large-unisex-disposable-heavy-absorbency","https://imgcdn.mckesson.com/CumulusWeb/Images/Item_Detail/1234966_pkgfront.jpg","Medline","Health & Beauty > Health Care > Health Care Equipment","TOP_100_HERO","MCK_1234966"
"prd-1266486","Incontinence Brief Rely® Adult Large Unisex Disposable Heavy Absorbency","Incontinence Brief Rely® Adult Large Unisex Disposable Heavy Absorbency. Manufacturer: Medical Grade. MPN: 1266486. HCPCS: N/A.","in stock","new","53.99 USD","https://www.baemeds.com/products/incontinence-brief-rely-adult-large-unisex-disposable-heavy-absorbency","https://imgcdn.mckesson.com/CumulusWeb/Images/Item_Detail/1266486_pkgfront.jpg","Medical Grade","Health & Beauty > Health Care > Health Care Equipment","TOP_100_HERO","MCK_1266486"