Handle,Title,Body (HTML),Vendor,Standard Product Type,Custom Product Type,Tags,Published,Option1 Name,Option1 Value,Option2 Name,Option2 Value,Option3 Name,Option3 Value,Variant SKU,Variant Grams,Variant Inventory Tracker,Variant Inventory Qty,Variant Inventory Policy,Variant Fulfillment Service,Variant Price,Variant Compare At Price,Variant Requires Shipping,Variant Taxable,Variant Barcode,Image Src,Image Position,Image Alt Text,Gift Card,SEO Title,SEO Description,Google Shopping / Condition,Cost per item,Status
"devilbiss-5-liter-oxygen-concentrator","DeVilbiss 5 Liter Compact Oxygen Concentrator (OSD Sensor)","<p>The DeVilbiss 5 Liter Oxygen Concentrator delivers up to 5 LPM continuous flow oxygen with market-leading quietness and durability. Features patented DeVilbiss OSD (Oxygen Sensing Device) for continuous oxygen purity monitoring. Assembled in the USA.</p>","Drive DeVilbiss","Respiratory Therapy","Respiratory Therapy","Respiratory, Oxygen Concentrator, DeVilbiss, Home Care, Cash Pay, E1390",TRUE,Title,Default Title,,,,,"DV-525DS",2000,shopify,25,deny,manual,799.00,899.00,TRUE,TRUE,,"https://dphpia7d6qb4m.cloudfront.net/images/dv-525ds_01_t.png",1,"DeVilbiss 5 Liter Compact Oxygen Concentrator (OSD Sensor) - Front View",FALSE,"DeVilbiss 5 Liter Compact Oxygen Concentrator (OSD Sensor) | BaeMeds","The DeVilbiss 5 Liter Oxygen Concentrator delivers up to 5 LPM continuous flow oxygen with market-leading quietness and durability. Features patented DeVil",new,495.00,active
"devilbiss-5-liter-oxygen-concentrator",,,,,,,,,,,,,,,,,,,,,,,,,"https://dphpia7d6qb4m.cloudfront.net/images/dv-525ds_02_t.png",2,"DeVilbiss 5 Liter Compact Oxygen Concentrator (OSD Sensor) - Angle View",,,,,,
"devilbiss-5-liter-oxygen-concentrator",,,,,,,,,,,,,,,,,,,,,,,,,"https://dphpia7d6qb4m.cloudfront.net/images/dv-525ds_03_t.png",3,"DeVilbiss 5 Liter Compact Oxygen Concentrator (OSD Sensor) - Detail / Accessory View",,,,,,
"devilbiss-10-liter-oxygen-concentrator","DeVilbiss 10 Liter High-Flow Home Oxygen Concentrator","<p>High-flow 10 LPM continuous oxygen delivery in the same compact chassis as a 5-liter unit. Ideal for patients requiring higher flow therapy with auxiliary oxygen ports.</p>","Drive DeVilbiss","Respiratory Therapy","Respiratory Therapy","Respiratory, High Flow Oxygen, 10 Liter, DeVilbiss, E1390",TRUE,Title,Default Title,,,,,"DV-1025DS",2000,shopify,25,deny,manual,1489.00,1650.00,TRUE,TRUE,,"https://dphpia7d6qb4m.cloudfront.net/images/dv-1025ds_01_t.png",1,"DeVilbiss 10 Liter High-Flow Home Oxygen Concentrator - Front View",FALSE,"DeVilbiss 10 Liter High-Flow Home Oxygen Concentrator | BaeMeds","High-flow 10 LPM continuous oxygen delivery in the same compact chassis as a 5-liter unit. Ideal for patients requiring higher flow therapy with auxiliary ",new,999.00,active
"devilbiss-10-liter-oxygen-concentrator",,,,,,,,,,,,,,,,,,,,,,,,,"https://dphpia7d6qb4m.cloudfront.net/images/dv-525ds_02_t.png",2,"DeVilbiss 10 Liter High-Flow Home Oxygen Concentrator - Angle View",,,,,,
"devilbiss-10-liter-oxygen-concentrator",,,,,,,,,,,,,,,,,,,,,,,,,"https://dphpia7d6qb4m.cloudfront.net/images/dv-525ds_03_t.png",3,"DeVilbiss 10 Liter High-Flow Home Oxygen Concentrator - Detail / Accessory View",,,,,,
"drive-cruiser-iii-lightweight-wheelchair","Drive Cruiser III Lightweight Wheelchair with Flip-Back Arms","<p>The Cruiser III weighs only 36 lbs and features built-in seat rail extensions allowing easy adjustment between 16"" and 18"" seat depths. Flip-back removable arms provide barrier-free transfers.</p>","Drive DeVilbiss","Mobility & Wheelchairs","Mobility & Wheelchairs","Mobility, Wheelchair, Lightweight Wheelchair, Drive Medical, K0003",TRUE,Title,Default Title,,,,,"DR-K3",2000,shopify,25,deny,manual,229.00,269.00,TRUE,TRUE,,"https://dphpia7d6qb4m.cloudfront.net/images/dr-k3_01_t.png",1,"Drive Cruiser III Lightweight Wheelchair with Flip-Back Arms - Front View",FALSE,"Drive Cruiser III Lightweight Wheelchair with Flip-Back Arms | BaeMeds","The Cruiser III weighs only 36 lbs and features built-in seat rail extensions allowing easy adjustment between 16"" and 18"" seat depths. Flip-back removab",new,138.00,active
"drive-cruiser-iii-lightweight-wheelchair",,,,,,,,,,,,,,,,,,,,,,,,,"https://dphpia7d6qb4m.cloudfront.net/images/dr-k3_02_t.png",2,"Drive Cruiser III Lightweight Wheelchair with Flip-Back Arms - Angle View",,,,,,
"drive-cruiser-iii-lightweight-wheelchair",,,,,,,,,,,,,,,,,,,,,,,,,"https://dphpia7d6qb4m.cloudfront.net/images/dr-k3_03_t.png",3,"Drive Cruiser III Lightweight Wheelchair with Flip-Back Arms - Detail / Accessory View",,,,,,
"drive-sentra-ec-heavy-duty-wheelchair","Drive Sentra EC Heavy-Duty Bariatric Wheelchair (450 lb Capacity)","<p>Engineered for bariatric patients up to 450 lbs. Dual cross-braced carbon steel frame with chip-proof chrome finish and reinforced side gussets.</p>","Drive DeVilbiss","Mobility & Wheelchairs","Mobility & Wheelchairs","Mobility, Bariatric, Heavy Duty Wheelchair, Drive DeVilbiss, K0007",TRUE,Title,Default Title,,,,,"DR-STDEC",2000,shopify,25,deny,manual,319.00,369.00,TRUE,TRUE,,"https://dphpia7d6qb4m.cloudfront.net/images/dr-stdec_01_t.png",1,"Drive Sentra EC Heavy-Duty Bariatric Wheelchair (450 lb Capacity) - Front View",FALSE,"Drive Sentra EC Heavy-Duty Bariatric Wheelchair (450 lb Capacity) | BaeMeds","Engineered for bariatric patients up to 450 lbs. Dual cross-braced carbon steel frame with chip-proof chrome finish and reinforced side gussets.",new,189.00,active
"drive-sentra-ec-heavy-duty-wheelchair",,,,,,,,,,,,,,,,,,,,,,,,,"https://dphpia7d6qb4m.cloudfront.net/images/dr-stdec_02_t.png",2,"Drive Sentra EC Heavy-Duty Bariatric Wheelchair (450 lb Capacity) - Angle View",,,,,,
"drive-sentra-ec-heavy-duty-wheelchair",,,,,,,,,,,,,,,,,,,,,,,,,"https://dphpia7d6qb4m.cloudfront.net/images/dr-k3_02_t.png",3,"Drive Sentra EC Heavy-Duty Bariatric Wheelchair (450 lb Capacity) - Detail / Accessory View",,,,,,
"drive-cruiser-x4-lightweight-dual-axle-wheelchair","Drive Cruiser X4 High-Strength Dual-Axle Lightweight Wheelchair","<p>Weighs under 34 lbs with dual axle design that permits seat-to-floor height adjustment to hemi-level for foot self-propulsion.</p>","Drive DeVilbiss","Mobility & Wheelchairs","Mobility & Wheelchairs","Mobility, K4 Wheelchair, Dual Axle, Drive DeVilbiss, K0004",TRUE,Title,Default Title,,,,,"DR-CX4",2000,shopify,25,deny,manual,279.00,320.00,TRUE,TRUE,,"https://dphpia7d6qb4m.cloudfront.net/images/dr-cx4_01_t.png",1,"Drive Cruiser X4 High-Strength Dual-Axle Lightweight Wheelchair - Front View",FALSE,"Drive Cruiser X4 High-Strength Dual-Axle Lightweight Wheelchair | BaeMeds","Weighs under 34 lbs with dual axle design that permits seat-to-floor height adjustment to hemi-level for foot self-propulsion.",new,172.00,active
"drive-cruiser-x4-lightweight-dual-axle-wheelchair",,,,,,,,,,,,,,,,,,,,,,,,,"https://dphpia7d6qb4m.cloudfront.net/images/dr-cx4_02_t.png",2,"Drive Cruiser X4 High-Strength Dual-Axle Lightweight Wheelchair - Angle View",,,,,,
"drive-cruiser-x4-lightweight-dual-axle-wheelchair",,,,,,,,,,,,,,,,,,,,,,,,,"https://dphpia7d6qb4m.cloudfront.net/images/dr-k3_03_t.png",3,"Drive Cruiser X4 High-Strength Dual-Axle Lightweight Wheelchair - Detail / Accessory View",,,,,,
"inogen-rove-6-portable-oxygen-concentrator","Inogen Rove 6 Portable Oxygen Concentrator System","<p>The premier travel POC worldwide. Weighs only 4.8 lbs with pulse dose settings 1 through 6. FAA-compliant for commercial air travel.</p>","Inogen","Respiratory Therapy","Respiratory Therapy","Respiratory, Portable Oxygen, Inogen, Travel Concentrator, E1392",TRUE,Title,Default Title,,,,,"INO-IS-501-NA8",2000,shopify,25,deny,manual,1795.00,1999.00,TRUE,TRUE,,"https://dphpia7d6qb4m.cloudfront.net/images/ino-is-501-na16_01_t.png",1,"Inogen Rove 6 Portable Oxygen Concentrator System - Front View",FALSE,"Inogen Rove 6 Portable Oxygen Concentrator System | BaeMeds","The premier travel POC worldwide. Weighs only 4.8 lbs with pulse dose settings 1 through 6. FAA-compliant for commercial air travel.",new,1150.00,active
"inogen-rove-6-portable-oxygen-concentrator",,,,,,,,,,,,,,,,,,,,,,,,,"https://dphpia7d6qb4m.cloudfront.net/images/ino-is-501-na8_01_t.png",2,"Inogen Rove 6 Portable Oxygen Concentrator System - Angle View",,,,,,
"inogen-rove-6-portable-oxygen-concentrator",,,,,,,,,,,,,,,,,,,,,,,,,"https://dphpia7d6qb4m.cloudfront.net/images/p2_01_t.png",3,"Inogen Rove 6 Portable Oxygen Concentrator System - Detail / Accessory View",,,,,,
"power-neb-ultra-compressor-nebulizer","Drive Power Neb Ultra Compressor Nebulizer System","<p>Weighs only 3.2 lbs, delivering fast, effective aerosol medication treatments. Includes both reusable and disposable nebulizer kits.</p>","Drive DeVilbiss","Respiratory Therapy","Respiratory Therapy","Respiratory, Nebulizer, Aerosol Therapy, Drive Medical, E0570",TRUE,Title,Default Title,,,,,"DR-18081",2000,shopify,25,deny,manual,44.99,54.99,TRUE,TRUE,,"https://dphpia7d6qb4m.cloudfront.net/images/dr-18081_01_t.jpg",1,"Drive Power Neb Ultra Compressor Nebulizer System - Front View",FALSE,"Drive Power Neb Ultra Compressor Nebulizer System | BaeMeds","Weighs only 3.2 lbs, delivering fast, effective aerosol medication treatments. Includes both reusable and disposable nebulizer kits.",new,18.00,active
"power-neb-ultra-compressor-nebulizer",,,,,,,,,,,,,,,,,,,,,,,,,"https://dphpia7d6qb4m.cloudfront.net/images/dr-18080_01_t.jpg",2,"Drive Power Neb Ultra Compressor Nebulizer System - Angle View",,,,,,
"power-neb-ultra-compressor-nebulizer",,,,,,,,,,,,,,,,,,,,,,,,,"https://dphpia7d6qb4m.cloudfront.net/images/dr-18254_01_t.jpg",3,"Drive Power Neb Ultra Compressor Nebulizer System - Detail / Accessory View",,,,,,
"pulmoneb-lt-compressor-nebulizer-system","DeVilbiss PulmoNeb LT Compressor Nebulizer System","<p>Compact high-performance compressor nebulizer built for clinical longevity. Maximum pressure of 30 psig, delivers treatments in under 7 minutes.</p>","Drive DeVilbiss","Respiratory Therapy","Respiratory Therapy","Respiratory, Nebulizer, DeVilbiss, PulmoNeb, E0570",TRUE,Title,Default Title,,,,,"DV-3655LTR",2000,shopify,25,deny,manual,59.99,69.99,TRUE,TRUE,,"https://dphpia7d6qb4m.cloudfront.net/images/dv-3655ltr_01_t.png",1,"DeVilbiss PulmoNeb LT Compressor Nebulizer System - Front View",FALSE,"DeVilbiss PulmoNeb LT Compressor Nebulizer System | BaeMeds","Compact high-performance compressor nebulizer built for clinical longevity. Maximum pressure of 30 psig, delivers treatments in under 7 minutes.",new,27.50,active
"pulmoneb-lt-compressor-nebulizer-system",,,,,,,,,,,,,,,,,,,,,,,,,"https://dphpia7d6qb4m.cloudfront.net/images/dr-18081_01_t.jpg",2,"DeVilbiss PulmoNeb LT Compressor Nebulizer System - Angle View",,,,,,
"pulmoneb-lt-compressor-nebulizer-system",,,,,,,,,,,,,,,,,,,,,,,,,"https://dphpia7d6qb4m.cloudfront.net/images/dr-18254_01_t.jpg",3,"DeVilbiss PulmoNeb LT Compressor Nebulizer System - Detail / Accessory View",,,,,,
"drive-deluxe-fingertip-pulse-oximeter","Drive Deluxe Fingertip Pulse Oximeter with OLED Display","<p>Non-invasive spot-check measurement of blood oxygen saturation (SpO2) and pulse rate with multi-directional color OLED display.</p>","Drive DeVilbiss","Patient Monitoring","Patient Monitoring","Monitoring, Pulse Oximeter, SpO2, Drive Medical, E0445",TRUE,Title,Default Title,,,,,"MQ-MQ3000",2000,shopify,25,deny,manual,34.99,44.99,TRUE,TRUE,,"https://dphpia7d6qb4m.cloudfront.net/images/mq-mq3000_01_t.png",1,"Drive Deluxe Fingertip Pulse Oximeter with OLED Display - Front View",FALSE,"Drive Deluxe Fingertip Pulse Oximeter with OLED Display | BaeMeds","Non-invasive spot-check measurement of blood oxygen saturation (SpO2) and pulse rate with multi-directional color OLED display.",new,14.80,active
"drive-deluxe-fingertip-pulse-oximeter",,,,,,,,,,,,,,,,,,,,,,,,,"https://dphpia7d6qb4m.cloudfront.net/images/dr-18081_01_t.jpg",2,"Drive Deluxe Fingertip Pulse Oximeter with OLED Display - Angle View",,,,,,
"drive-deluxe-fingertip-pulse-oximeter",,,,,,,,,,,,,,,,,,,,,,,,,"https://dphpia7d6qb4m.cloudfront.net/images/dv-525ds_03_t.png",3,"Drive Deluxe Fingertip Pulse Oximeter with OLED Display - Detail / Accessory View",,,,,,
"salter-labs-three-channel-oxygen-tubing-25ft","Salter Labs 3-Channel Crush-Proof Oxygen Supply Tubing (25 Pack)","<p>Patented 3-channel safety inner bore maintains uninterrupted oxygen flow even if kinked or stepped on. Green color enhances visibility to prevent tripping.</p>","Salter Labs","Respiratory Supplies","Respiratory Supplies","Respiratory, Oxygen Tubing, Salter Labs, Crush Proof, A4616",TRUE,Title,Default Title,,,,,"SL-2025G-25-25",2000,shopify,25,deny,manual,89.99,105.00,TRUE,TRUE,,"https://dphpia7d6qb4m.cloudfront.net/images/2025g-25-25_01_t.png",1,"Salter Labs 3-Channel Crush-Proof Oxygen Supply Tubing (25 Pack) - Front View",FALSE,"Salter Labs 3-Channel Crush-Proof Oxygen Supply Tubing (25 Pack) | BaeMeds","Patented 3-channel safety inner bore maintains uninterrupted oxygen flow even if kinked or stepped on. Green color enhances visibility to prevent tripping.",new,41.05,active
"salter-labs-three-channel-oxygen-tubing-25ft",,,,,,,,,,,,,,,,,,,,,,,,,"https://dphpia7d6qb4m.cloudfront.net/images/2025-25-25_01_t.png",2,"Salter Labs 3-Channel Crush-Proof Oxygen Supply Tubing (25 Pack) - Angle View",,,,,,
"salter-labs-three-channel-oxygen-tubing-25ft",,,,,,,,,,,,,,,,,,,,,,,,,"https://dphpia7d6qb4m.cloudfront.net/images/1600_01_t.png",3,"Salter Labs 3-Channel Crush-Proof Oxygen Supply Tubing (25 Pack) - Detail / Accessory View",,,,,,
"salter-labs-soft-nasal-oxygen-cannula","Salter-Style Ultra-Soft Adult Nasal Cannula with 7ft Tubing","<p>Anatomically molded curved prongs manufactured with ultra-soft material to eliminate ear chafing and nasal irritation during prolonged oxygen therapy.</p>","Salter Labs","Respiratory Supplies","Respiratory Supplies","Respiratory, Nasal Cannula, Salter Labs, Soft Prongs, A4615",TRUE,Title,Default Title,,,,,"SL-16SOFT",2000,shopify,25,deny,manual,54.99,64.99,TRUE,TRUE,,"https://dphpia7d6qb4m.cloudfront.net/images/16soft_01_t.png",1,"Salter-Style Ultra-Soft Adult Nasal Cannula with 7ft Tubing - Front View",FALSE,"Salter-Style Ultra-Soft Adult Nasal Cannula with 7ft Tubing | BaeMeds","Anatomically molded curved prongs manufactured with ultra-soft material to eliminate ear chafing and nasal irritation during prolonged oxygen therapy.",new,24.90,active
"salter-labs-soft-nasal-oxygen-cannula",,,,,,,,,,,,,,,,,,,,,,,,,"https://dphpia7d6qb4m.cloudfront.net/images/1600_01_t.png",2,"Salter-Style Ultra-Soft Adult Nasal Cannula with 7ft Tubing - Angle View",,,,,,
"salter-labs-soft-nasal-oxygen-cannula",,,,,,,,,,,,,,,,,,,,,,,,,"https://dphpia7d6qb4m.cloudfront.net/images/2025g-25-25_01_t.png",3,"Salter-Style Ultra-Soft Adult Nasal Cannula with 7ft Tubing - Detail / Accessory View",,,,,,
"drive-universal-oxygen-cylinder-cart","Drive Medical Chrome Plated Oxygen Cylinder Cart for D and E Tanks","<p>Chrome-plated steel frame designed to securely transport D and E oxygen cylinders. Features large smooth-rolling wheels and comfortable foam grip.</p>","Drive DeVilbiss","Respiratory Accessories","Respiratory Accessories","Respiratory, Oxygen Cart, Cylinder Cart, Drive Medical, E1355",TRUE,Title,Default Title,,,,,"DR-13002SV-6",2000,shopify,25,deny,manual,159.00,185.00,TRUE,TRUE,,"https://dphpia7d6qb4m.cloudfront.net/images/dr-13002sv-6_01_t.jpg",1,"Drive Medical Chrome Plated Oxygen Cylinder Cart for D and E Tanks - Front View",FALSE,"Drive Medical Chrome Plated Oxygen Cylinder Cart for D and E Tanks | BaeMeds","Chrome-plated steel frame designed to securely transport D and E oxygen cylinders. Features large smooth-rolling wheels and comfortable foam grip.",new,86.20,active
"drive-universal-oxygen-cylinder-cart",,,,,,,,,,,,,,,,,,,,,,,,,"https://dphpia7d6qb4m.cloudfront.net/images/dr-13001sv-2_t.jpg",2,"Drive Medical Chrome Plated Oxygen Cylinder Cart for D and E Tanks - Angle View",,,,,,
"drive-universal-oxygen-cylinder-cart",,,,,,,,,,,,,,,,,,,,,,,,,"https://dphpia7d6qb4m.cloudfront.net/images/dr-18300p_01_t.jpg",3,"Drive Medical Chrome Plated Oxygen Cylinder Cart for D and E Tanks - Detail / Accessory View",,,,,,
