SKU,Product Name,Category,Manufacturer,MPN,HCPCS Code,Dealer Wholesale Cost ($),Recommended Retail Price ($),MSRP / Compare-At ($),Gross Profit ($),Gross Margin (%),Image 1 URL (Primary / Front),Image 2 URL (Side / Angle),Image 3 URL (Feature / Detail / Component),Short Description,Market Selling Points
"DV-525DS","DeVilbiss 5 Liter Compact Oxygen Concentrator (OSD Sensor)","Respiratory Therapy","Drive DeVilbiss","525DS","E1390",495.00,799.00,899.00,304.00,38.0%,"https://dphpia7d6qb4m.cloudfront.net/images/dv-525ds_01_t.png","https://dphpia7d6qb4m.cloudfront.net/images/dv-525ds_02_t.png","https://dphpia7d6qb4m.cloudfront.net/images/dv-525ds_03_t.png","The DeVilbiss 5 Liter Oxygen Concentrator delivers up to 5 LPM continuous flow oxygen with market-leading quietness and durability. Features patented DeVilbiss OSD (Oxygen Sensing Device) for continuous oxygen purity monitoring. Assembled in the USA.","HSA/FSA Eligible. Top selling US category with verified wholesale dropship supplier."
"DV-1025DS","DeVilbiss 10 Liter High-Flow Home Oxygen Concentrator","Respiratory Therapy","Drive DeVilbiss","1025DS","E1390",999.00,1489.00,1650.00,490.00,32.9%,"https://dphpia7d6qb4m.cloudfront.net/images/dv-1025ds_01_t.png","https://dphpia7d6qb4m.cloudfront.net/images/dv-525ds_02_t.png","https://dphpia7d6qb4m.cloudfront.net/images/dv-525ds_03_t.png","High-flow 10 LPM continuous oxygen delivery in the same compact chassis as a 5-liter unit. Ideal for patients requiring higher flow therapy with auxiliary oxygen ports.","HSA/FSA Eligible. Top selling US category with verified wholesale dropship supplier."
"DR-K3","Drive Cruiser III Lightweight Wheelchair with Flip-Back Arms","Mobility & Wheelchairs","Drive DeVilbiss","K318DDA-SF","K0003",138.00,229.00,269.00,91.00,39.7%,"https://dphpia7d6qb4m.cloudfront.net/images/dr-k3_01_t.png","https://dphpia7d6qb4m.cloudfront.net/images/dr-k3_02_t.png","https://dphpia7d6qb4m.cloudfront.net/images/dr-k3_03_t.png","The Cruiser III weighs only 36 lbs and features built-in seat rail extensions allowing easy adjustment between 16"" and 18"" seat depths. Flip-back removable arms provide barrier-free transfers.","HSA/FSA Eligible. Top selling US category with verified wholesale dropship supplier."
"DR-STDEC","Drive Sentra EC Heavy-Duty Bariatric Wheelchair (450 lb Capacity)","Mobility & Wheelchairs","Drive DeVilbiss","STD20ECDDA-SF","K0007",189.00,319.00,369.00,130.00,40.8%,"https://dphpia7d6qb4m.cloudfront.net/images/dr-stdec_01_t.png","https://dphpia7d6qb4m.cloudfront.net/images/dr-stdec_02_t.png","https://dphpia7d6qb4m.cloudfront.net/images/dr-k3_02_t.png","Engineered for bariatric patients up to 450 lbs. Dual cross-braced carbon steel frame with chip-proof chrome finish and reinforced side gussets.","HSA/FSA Eligible. Top selling US category with verified wholesale dropship supplier."
"DR-CX4","Drive Cruiser X4 High-Strength Dual-Axle Lightweight Wheelchair","Mobility & Wheelchairs","Drive DeVilbiss","CX418ADDA-SF","K0004",172.00,279.00,320.00,107.00,38.4%,"https://dphpia7d6qb4m.cloudfront.net/images/dr-cx4_01_t.png","https://dphpia7d6qb4m.cloudfront.net/images/dr-cx4_02_t.png","https://dphpia7d6qb4m.cloudfront.net/images/dr-k3_03_t.png","Weighs under 34 lbs with dual axle design that permits seat-to-floor height adjustment to hemi-level for foot self-propulsion.","HSA/FSA Eligible. Top selling US category with verified wholesale dropship supplier."
"INO-IS-501-NA8","Inogen Rove 6 Portable Oxygen Concentrator System","Respiratory Therapy","Inogen","IS-501-NA8","E1390 / E1392",1150.00,1795.00,1999.00,645.00,35.9%,"https://dphpia7d6qb4m.cloudfront.net/images/ino-is-501-na16_01_t.png","https://dphpia7d6qb4m.cloudfront.net/images/ino-is-501-na8_01_t.png","https://dphpia7d6qb4m.cloudfront.net/images/p2_01_t.png","The premier travel POC worldwide. Weighs only 4.8 lbs with pulse dose settings 1 through 6. FAA-compliant for commercial air travel.","HSA/FSA Eligible. Top selling US category with verified wholesale dropship supplier."
"DR-18081","Drive Power Neb Ultra Compressor Nebulizer System","Respiratory Therapy","Drive DeVilbiss","18081","E0570",18.00,44.99,54.99,26.99,60.0%,"https://dphpia7d6qb4m.cloudfront.net/images/dr-18081_01_t.jpg","https://dphpia7d6qb4m.cloudfront.net/images/dr-18080_01_t.jpg","https://dphpia7d6qb4m.cloudfront.net/images/dr-18254_01_t.jpg","Weighs only 3.2 lbs, delivering fast, effective aerosol medication treatments. Includes both reusable and disposable nebulizer kits.","HSA/FSA Eligible. Top selling US category with verified wholesale dropship supplier."
"DV-3655LTR","DeVilbiss PulmoNeb LT Compressor Nebulizer System","Respiratory Therapy","Drive DeVilbiss","3655LTR","E0570",27.50,59.99,69.99,32.49,54.2%,"https://dphpia7d6qb4m.cloudfront.net/images/dv-3655ltr_01_t.png","https://dphpia7d6qb4m.cloudfront.net/images/dr-18081_01_t.jpg","https://dphpia7d6qb4m.cloudfront.net/images/dr-18254_01_t.jpg","Compact high-performance compressor nebulizer built for clinical longevity. Maximum pressure of 30 psig, delivers treatments in under 7 minutes.","HSA/FSA Eligible. Top selling US category with verified wholesale dropship supplier."
"MQ-MQ3000","Drive Deluxe Fingertip Pulse Oximeter with OLED Display","Patient Monitoring","Drive DeVilbiss","MQ3000","E0445",14.80,34.99,44.99,20.19,57.7%,"https://dphpia7d6qb4m.cloudfront.net/images/mq-mq3000_01_t.png","https://dphpia7d6qb4m.cloudfront.net/images/dr-18081_01_t.jpg","https://dphpia7d6qb4m.cloudfront.net/images/dv-525ds_03_t.png","Non-invasive spot-check measurement of blood oxygen saturation (SpO2) and pulse rate with multi-directional color OLED display.","HSA/FSA Eligible. Top selling US category with verified wholesale dropship supplier."
"SL-2025G-25-25","Salter Labs 3-Channel Crush-Proof Oxygen Supply Tubing (25 Pack)","Respiratory Supplies","Salter Labs","2025G-25-25","A4616",41.05,89.99,105.00,48.94,54.4%,"https://dphpia7d6qb4m.cloudfront.net/images/2025g-25-25_01_t.png","https://dphpia7d6qb4m.cloudfront.net/images/2025-25-25_01_t.png","https://dphpia7d6qb4m.cloudfront.net/images/1600_01_t.png","Patented 3-channel safety inner bore maintains uninterrupted oxygen flow even if kinked or stepped on. Green color enhances visibility to prevent tripping.","HSA/FSA Eligible. Top selling US category with verified wholesale dropship supplier."
"SL-16SOFT","Salter-Style Ultra-Soft Adult Nasal Cannula with 7ft Tubing","Respiratory Supplies","Salter Labs","16SOFT-7","A4615",24.90,54.99,64.99,30.09,54.7%,"https://dphpia7d6qb4m.cloudfront.net/images/16soft_01_t.png","https://dphpia7d6qb4m.cloudfront.net/images/1600_01_t.png","https://dphpia7d6qb4m.cloudfront.net/images/2025g-25-25_01_t.png","Anatomically molded curved prongs manufactured with ultra-soft material to eliminate ear chafing and nasal irritation during prolonged oxygen therapy.","HSA/FSA Eligible. Top selling US category with verified wholesale dropship supplier."
"DR-13002SV-6","Drive Medical Chrome Plated Oxygen Cylinder Cart for D and E Tanks","Respiratory Accessories","Drive DeVilbiss","13002SV-6","E1355",86.20,159.00,185.00,72.80,45.8%,"https://dphpia7d6qb4m.cloudfront.net/images/dr-13002sv-6_01_t.jpg","https://dphpia7d6qb4m.cloudfront.net/images/dr-13001sv-2_t.jpg","https://dphpia7d6qb4m.cloudfront.net/images/dr-18300p_01_t.jpg","Chrome-plated steel frame designed to securely transport D and E oxygen cylinders. Features large smooth-rolling wheels and comfortable foam grip.","HSA/FSA Eligible. Top selling US category with verified wholesale dropship supplier."
