SKU,Product Name,Category,Manufacturer,MPN,HCPCS,Dealer Wholesale Cost ($),Recommended Retail Price ($),Amazon Benchmark ($),Vitality Medical Benchmark ($),Gross Profit ($),Gross Margin (%),Rx Required,HSA/FSA Eligible,High-Res Photo URL,Strategic Rationale
"DV-525DS","DeVilbiss 5 Liter Compact Oxygen Concentrator","Respiratory Therapy","Drive DeVilbiss","525DS","E1390",495.00,799.00,849.00,825.00,304.00,38.0%,YES,YES,"https://dphpia7d6qb4m.cloudfront.net/images/dv-525ds_01_t.png","Top 3 bestselling home oxygen concentrator in North America. Highly dependable OSD sensor, whisper-quiet operation, massive $304 cash profit per unit."
"DR-18081","Power Neb Ultra Compressor Nebulizer with Reusable & Disposable Kit","Respiratory Therapy","Drive DeVilbiss","18081","E0570",18.00,44.99,42.99,46.50,26.99,60.0%,NO,YES,"https://dphpia7d6qb4m.cloudfront.net/images/dr-18081_01_t.jpg","High velocity OTC respiratory staple. Weighs only 3.2 lbs, 60% gross profit margin, zero prescription barrier for basic compressor delivery."
"INO-IS-501-NA8","Inogen Rove 6 Portable Oxygen Concentrator (8-Cell Battery)","Respiratory Therapy","Inogen","IS-501-NA8","E1390 / E1392",1150.00,1795.00,1899.00,1845.00,645.00,35.9%,YES,YES,"https://dphpia7d6qb4m.cloudfront.net/images/ino-is-501-na8_01_t.png","The gold standard in travel mobility oxygen. FAA-approved for commercial flights. Enormous $645 profit per order with affluent cash-pay customer demographic."
"DV-1025DS","DeVilbiss 10 Liter High-Flow Oxygen Concentrator","Respiratory Therapy","Drive DeVilbiss","1025DS","E1390",999.00,1489.00,1549.00,1495.00,490.00,32.9%,YES,YES,"https://dphpia7d6qb4m.cloudfront.net/images/dv-1025ds_01_t.png","One of the smallest 10-liter units on the market capable of 8.7 to 10 LPM delivery. Ideal for patients requiring higher flow rates."
"DR-18254","Drive Reusable Nebulizer Medication Kit with Mouthpiece & 7ft Tubing","Respiratory Therapy","Drive DeVilbiss","18254","A7005",5.80,16.99,15.99,17.50,11.19,65.9%,NO,YES,"https://dphpia7d6qb4m.cloudfront.net/images/dr-18254_01_t.jpg","High-frequency recurring consumable. Patients replace nebulizer cups every 6 months. High 66% margin, lightweight for low-cost USPS shipping."
"DR-K3","Drive Cruiser III Lightweight Wheelchair (Adjustable Flip-Back Arms)","Mobility & Wheelchairs","Drive DeVilbiss","K318DDA-SF","K0003",138.00,229.00,239.00,234.00,91.00,39.7%,NO,YES,"https://dphpia7d6qb4m.cloudfront.net/images/dr-k3_01_t.png","Top selling manual wheelchair in the US under 36 lbs. Carbon steel frame with silver vein finish, adjustable seat depth (16"" to 18"")."
"NV-319","Nova Medical Lightweight 19"" Transport Chair with Handbrakes","Mobility & Wheelchairs","Nova Medical","319BK","E1038",112.00,189.00,199.95,194.00,77.00,40.7%,NO,YES,"https://dphpia7d6qb4m.cloudfront.net/images/nv-319_01_t.png","Consumer favorite for family outings and medical appointments. Folds compact for trunk storage, secondary companion handbrakes ensure maximum safety."
"DR-CX4","Drive Cruiser X4 High-Strength Lightweight Dual-Axle Wheelchair","Mobility & Wheelchairs","Drive DeVilbiss","CX418ADDA-SF","K0004",172.00,279.00,289.00,284.00,107.00,38.4%,NO,YES,"https://dphpia7d6qb4m.cloudfront.net/images/dr-cx4_01_t.png","Premium K4 lightweight frame (34 lbs). Dual axle allows easy transition of seat height to hemi-level for foot propulsion."
"DR-STDEC","Drive Sentra EC Heavy-Duty Bariatric Wheelchair (450 lb Capacity)","Mobility & Wheelchairs","Drive DeVilbiss","STD20ECDDA-SF","K0007",189.00,319.00,329.00,325.00,130.00,40.8%,NO,YES,"https://dphpia7d6qb4m.cloudfront.net/images/dr-stdec_01_t.png","High demand bariatric mobility category. Reinforced carbon steel gusseted frame, dual cross-bracing, chip-proof chrome finish."
"DR-SSP","Drive Silver Sport II Wheelchair with Full Arms & Swing-Away Footrests","Mobility & Wheelchairs","Drive DeVilbiss","SSP218DDA-SF","K0002",124.00,199.00,209.00,204.00,75.00,37.7%,NO,YES,"https://dphpia7d6qb4m.cloudfront.net/images/dr-ssp__01_t.png","The industry-standard hospital discharge wheelchair. Highly durable urethane tires mounted on composite wheels require zero maintenance."
"MQ-MQ3000","Drive Deluxe Fingertip Pulse Oximeter with OLED Display","Patient Monitoring","Drive DeVilbiss","MQ3000","E0445",14.80,34.99,36.99,38.00,20.19,57.7%,NO,YES,"https://dphpia7d6qb4m.cloudfront.net/images/mq-mq3000_01_t.png","Essential monitoring for COPD, asthma, and wellness patients. Non-invasive SpO2 and pulse rate spot-check. Low shipping weight, 58% margin."
"OMR-BP7350","Omron 7 Series Wireless Upper Arm Blood Pressure Monitor","Patient Monitoring","Omron Healthcare","BP7350","A4670",46.00,84.99,89.99,87.00,38.99,45.9%,NO,YES,"https://mms.mckesson.com/product-images/1169974.jpg","#1 doctor-recommended brand in the USA. Bluetooth connectivity to Apple Health and Omron Connect app. Very strong retail search volume."
"OMR-BP7450","Omron 10 Series Wireless Dual-Display Upper Arm BP Monitor","Patient Monitoring","Omron Healthcare","BP7450","A4670",58.00,99.99,104.99,102.00,41.99,42.0%,NO,YES,"https://mms.mckesson.com/product-images/1169975.jpg","Flagship dual-display model showing current vs past readings. ComFit cuff fits standard and large arms (9"" to 17""). Premium consumer gift item."
"DR-12011KD-1","Drive Medical Tool-Free Assembly Shower Chair with Backrest","Bath Safety","Drive DeVilbiss","12011KD-1","E0240",24.50,54.99,52.99,56.00,30.49,55.4%,NO,YES,"https://mms.mckesson.com/product-images/594191.jpg","The single most common post-operative bathroom safety item. Tool-free assembly takes 2 minutes. Large drainage holes prevent slipping."
"DR-12022","Drive Medical Plastic Tub Transfer Bench with Adjustable Back","Bath Safety","Drive DeVilbiss","12022","E0247",48.00,94.99,92.99,96.00,46.99,49.5%,NO,YES,"https://mms.mckesson.com/product-images/496350.jpg","Crucial fall-prevention device allowing patients to slide safely over the bathtub wall. A-frame construction supports 400 lbs."
"DR-12064","Drive Medical Raised Toilet Seat with Removable Padded Arms","Bath Safety","Drive DeVilbiss","12064","E0244",28.00,59.99,58.99,62.00,31.99,53.3%,NO,YES,"https://mms.mckesson.com/product-images/594186.jpg","Adds 5 inches of height to standard toilets. Essential for post-hip/knee replacement patients with bending restrictions. 53% margin."
"DR-13007G","Drive 12-inch Suction Cup Grab Bar with Color Safety Indicator","Bath Safety","Drive DeVilbiss","13007G","E0241",9.80,24.99,23.99,25.50,15.19,60.8%,NO,YES,"https://mms.mckesson.com/product-images/812398.jpg","Zero-tool installation on smooth ceramic tile. Visual color indicator switches from red to green when suction seal is secure."
"DR-RTL4021","Drive Medical 32-inch Ergonomic Hand-Held Reacher Grabber","Daily Living","Drive DeVilbiss","RTL4021","E1399",7.20,19.99,18.99,21.00,12.79,64.0%,NO,YES,"https://mms.mckesson.com/product-images/611294.jpg","High add-on cart conversion. Every senior and post-surgical patient purchases reachers. 64% margin, lightweight shipping."
"ROS-TENS-7000","Roscoe Medical TENS 7000 Digital Pain Relief Unit with Electrodes","Pain Relief","Compass Health (Roscoe)","DT7202","E0730",19.50,44.99,43.99,47.00,25.49,56.7%,NO,YES,"https://mms.mckesson.com/product-images/796123.jpg","Over 2 million units sold nationwide. Clinically proven non-invasive drug-free electrotherapy for chronic back, neck, and joint pain."
"DR-15005","Drive Medical Adjustable Height Home Bed Assist Rail with Handle","Daily Living","Drive DeVilbiss","15005","E0310",26.50,58.99,56.99,59.99,32.49,55.1%,NO,YES,"https://mms.mckesson.com/product-images/594194.jpg","Slides between mattress and box spring. Gives seniors independence getting in and out of bed. High safety rating."
