SKU,Product Name,HCPCS Code,Manufacturer,MFR Part Number,Category,Dealer Price,Retail Price,Stock Status,UOM,Description,Features,Image URL,Manuals,Product URL
911719,Oxygen Mask McKesson Elongated Style Adult One Size Fits Most Adjustable Head Strap,,McKesson Brand,32633,Oxygen Masks,$0.98 ,,"In Stock (Get it Tomorrow, Oct 1)",EA/1,,,https://imgcdn.mckesson.com/CumulusWeb/Images/Item_Detail/911719_front.jpg,,https://mms.mckesson.com/product/911719/McKesson-Brand-32633
382055,Oxygen Mask Salter Labs® Elongated Style Pediatric Adjustable Head Strap,,Sun Med,1122-7-50,Oxygen Masks,$1.66 ,,"In Stock (Get it Tomorrow, Oct 1)",EA/1,,,https://imgcdn.mckesson.com/CumulusWeb/Images/Item_Detail/2281_1122_2.jpg,,https://mms.mckesson.com/product/382055/Sun-Med-1122-7-50
335762,Ventilator Circuit Without Tubing Without Tubing Single Limb Pediatric Without Breathing Bag Single Patient Use,,Sun Med,5550-504,Nasal Cannulae,$2.21 ,,"In Stock (Get it Tomorrow, Oct 1)",EA/1,,,https://imgcdn.mckesson.com/CumulusWeb/Images/Item_Detail/335762_right.jpg,,https://mms.mckesson.com/product/335762/Sun-Med-5550-504
911720,NonRebreather Oxygen Mask McKesson Elongated Style Adult One Size Fits Most Adjustable Head Strap / Nose Clip,,McKesson Brand,32634,Oxygen Masks,$2.38 ,,"In Stock (Get it Tomorrow, Oct 1)",EA/1,,,https://imgcdn.mckesson.com/CumulusWeb/Images/Item_Detail/911720_front.jpg,,https://mms.mckesson.com/product/911720/McKesson-Brand-32634
848480,NonRebreather Oxygen Mask Curaplex® Elongated Style Infant Adjustable Head Strap,,Bound Tree Medical,410266,Oxygen Masks,$3.39 ,,"In Stock - Network (Get it Saturday, Oct 3)",EA/1,,,https://imgcdn.mckesson.com/CumulusWeb/Images/Item_Detail/848480.jpg,,https://mms.mckesson.com/product/848480/Bound-Tree-Medical-410266
1207426,CPR Face Mask Basic Medical Mouth to Mask Single Use,,MedSource International,MS-PM103W,Resuscitation,$4.66 ,,"In Stock (Get it Tomorrow, Oct 1)",EA/1,,,https://imgcdn.mckesson.com/CumulusWeb/Images/Item_Detail/1207426_ppkgright.jpg,,https://mms.mckesson.com/product/1207426/MedSource-International-MS-PM103W
554356,CPR Face Mask with Case Adsafe™ Mouth to Mask Single Use,,American Diagnostic Corp,4053,Resuscitation,$9.30 ,,"In Stock (Get it Tomorrow, Oct 1)",EA/1,,,https://imgcdn.mckesson.com/CumulusWeb/Images/Item_Detail/554356_pkit.jpg,,https://mms.mckesson.com/product/554356/American-Diagnostic-Corp-4053
1070989,CPR Face Mask with Case One Way Valve Single Use,,Work N Leisure Products Inc,FAK5000SGI-RED,Resuscitation,$9.97 ,,"In Stock (Get it Tomorrow, Oct 1)",EA/1,,,https://imgcdn.mckesson.com/CumulusWeb/Images/Item_Detail/1070989_pkit.jpg,,https://mms.mckesson.com/product/1070989/Work-N-Leisure-Products-Inc-FAK5000SGI-RED
533718,Resuscitator Spur® II,,Ambu,520211000,Resuscitation,$14.54 ,,"In Stock (Get it Tomorrow, Oct 1)",EA/1,,,https://imgcdn.mckesson.com/CumulusWeb/Images/Item_Detail/533718_front.jpg,,https://mms.mckesson.com/product/533718/Ambu-520211000
544775,Resuscitator Spur® II,,Ambu,520611000,Resuscitation,$15.27 ,,"In Stock (Get it Tomorrow, Oct 1)",EA/1,,,https://imgcdn.mckesson.com/CumulusWeb/Images/Item_Detail/544775_front.jpg,,https://mms.mckesson.com/product/544775/Ambu-520611000
544776,Resuscitator Spur® II Nasal / Oral Mask,,Ambu,530613000,Resuscitation,$17.45 ,,"In Stock (Get it Tomorrow, Oct 1)",EA/1,,,https://imgcdn.mckesson.com/CumulusWeb/Images/Item_Detail/544776_front.jpg,,https://mms.mckesson.com/product/544776/Ambu-530613000
340538,BVM Resuscitator Mercury Medical® Cushioned Face Mask,,Mercury Medical,1055701,Resuscitation,$28.30 ,,"In Stock - Network (Get it Saturday, Oct 3)",EA/1,,,https://imgcdn.mckesson.com/CumulusWeb/Images/Item_Detail/340538_front.jpg,,https://mms.mckesson.com/product/340538/Mercury-Medical-1055701
1084559,Oxygen Mask Salter Labs® Elongated Style Adult One Size Fits Most Adjustable Head Strap / Nose Clip,,Sun Med,8115-0-50,Oxygen Masks,$34.82 ,,"In Stock - Network (Get it Saturday, Oct 3)",CS/50,,,https://imgcdn.mckesson.com/CumulusWeb/Images/Item_Detail/1084559_front.jpg,,https://mms.mckesson.com/product/1084559/Sun-Med-8115-0-50
1190296,Oxygen Mask Elongated Style Adult Adjustable Head Strap,,Medline,HUDRHO41U,Oxygen Masks,$44.67 ,,"In Stock (Get it Tomorrow, Oct 1)",CS/50,,,https://imgcdn.mckesson.com/CumulusWeb/Images/Item_Detail/1190296_pdet.jpg,,https://mms.mckesson.com/product/1190296/Medline-HUDRHO41U
37338,Oxygen Mask Hudson RCI® Elongated Style Pediatric Adjustable Head Strap / Nose Clip,,Medline,HUD1042,Oxygen Masks,$45.41 ,,"In Stock (Get it Saturday, Oct 3)",CS/50,,,https://imgcdn.mckesson.com/CumulusWeb/Images/Item_Detail/37338_front.jpg,,https://mms.mckesson.com/product/37338/Medline-HUD1042
37335,Oxygen Mask Hudson RCI® Elongated Style Pediatric Adjustable Head Strap / Nose Clip,,Medline,HUD1035,Oxygen Masks,$47.19 ,,"In Stock (Get it Tuesday, Oct 6)",CS/50,,,https://imgcdn.mckesson.com/CumulusWeb/Images/Item_Detail/37335_front.jpg,,https://mms.mckesson.com/product/37335/Medline-HUD1035
1018131,Oxygen Face Tent McKesson Face Tent Style Adult One Size Fits Most Adjustable Head Strap,,McKesson Brand,16-110E,Nasal Cannulae,$49.87 ,,"In Stock (Get it Tomorrow, Oct 1)",CS/50,,,https://imgcdn.mckesson.com/CumulusWeb/Images/Item_Detail/1018131_left.jpg,,https://mms.mckesson.com/product/1018131/McKesson-Brand-16-110E
1018133,Oxygen Mask McKesson Elongated Style Pediatric Adjustable Head Strap,,McKesson Brand,16-223E,Oxygen Masks,$51.57 ,,"In Stock (Get it Tomorrow, Oct 1)",CS/50,,,https://imgcdn.mckesson.com/CumulusWeb/Images/Item_Detail/1018133_left.jpg,,https://mms.mckesson.com/product/1018133/McKesson-Brand-16-223E
1126542,Anesthesia Mask Vent Mask™ Elongated Style Adult One Size Fits Most Hook Ring,,Sun Med,VR5100-20,Oxygen Masks,$52.16 ,,"In Stock - Network (Get it Tuesday, Oct 6)",BX/20,,,https://imgcdn.mckesson.com/CumulusWeb/Images/Item_Detail/1126542_family.jpg,,https://mms.mckesson.com/product/1126542/Sun-Med-VR5100-20
1026638,Tracheostomy Mask Collar Style Adult One Size Fits Most Adjustable Head Strap,,Sunset Healthcare,RES2130,Nasal Cannulae,$53.04 ,,"In Stock (Get it Saturday, Oct 3)",CS/50,,,https://imgcdn.mckesson.com/CumulusWeb/Images/Item_Detail/1026638_left.jpg,,https://mms.mckesson.com/product/1026638/Sunset-Healthcare-RES2130
226849,Oxygen Mask AirLife® Elongated Style Adult One Size Fits Most Adjustable Head Strap,,Sun Med,1201,Oxygen Masks,$54.74 ,,"In Stock (Get it Tomorrow, Oct 1)",CS/50,,,https://imgcdn.mckesson.com/CumulusWeb/Images/Item_Detail/226849_front.jpg,,https://mms.mckesson.com/product/226849/Sun-Med-001201
1205049,NonRebreather Oxygen Mask MedSource Elongated Style Adult Medium Adjustable Head Strap / Nose Clip,,MedSource International,MS-26041,Oxygen Masks,$59.16 ,,"In Stock - Network (Get it Saturday, Oct 3)",CS/50,,,https://imgcdn.mckesson.com/CumulusWeb/Images/Item_Detail/1205049_right.jpg,,https://mms.mckesson.com/product/1205049/MedSource-International-MS-26041
226900,Oxygen Mask AirLife® Elongated Style Adult One Size Fits Most Adjustable Head Strap,,Sun Med,1361,Oxygen Connecting Tubing,$60.64 ,,"In Stock (Get it Tomorrow, Oct 1)",CS/50,,,https://imgcdn.mckesson.com/CumulusWeb/Images/Item_Detail/226900_front.jpg,,https://mms.mckesson.com/product/226900/Sun-Med-001361
1205051,Oxygen Mask MedSource Elongated Style Infant Medium Adjustable Head Strap,,MedSource International,MS-26043-U,Oxygen Masks,$61.88 ,,"In Stock (Get it Tomorrow, Oct 1)",CS/50,,,https://imgcdn.mckesson.com/CumulusWeb/Images/Item_Detail/1205051_right.jpg,,https://mms.mckesson.com/product/1205051/MedSource-International-MS-26043-U
1052548,NonRebreather Oxygen Mask McKesson Elongated Style Adult One Size Fits Most Adjustable Head Strap,,McKesson Brand,3228-E,Oxygen Masks,$67.93 ,,"In Stock (Get it Tomorrow, Oct 1)",CS/50,,,https://imgcdn.mckesson.com/CumulusWeb/Images/Item_Detail/1052548_right.jpg,,https://mms.mckesson.com/product/1052548/McKesson-Brand-3228-E
37342,NonRebreather Oxygen Mask Elongated Style Adult One Size Fits Most Adjustable Head Strap / Nose Clip,,Medline,HUD1059,Oxygen Masks,$68.66 ,,"In Stock (Get it Saturday, Oct 3)",CS/50,,,https://imgcdn.mckesson.com/CumulusWeb/Images/Item_Detail/37342_front.jpg,,https://mms.mckesson.com/product/37342/Medline-HUD1059
204610,NonRebreather Oxygen Mask Elongated Style Pediatric Adjustable Head Strap / Nose Clip,,Medline,HUD1058,Oxygen Masks,$76.70 ,,"In Stock (Get it Tomorrow, Oct 1)",CS/50,,,https://imgcdn.mckesson.com/CumulusWeb/Images/Item_Detail/204610_front.jpg,,https://mms.mckesson.com/product/204610/Medline-HUD1058
441116,Tracheostomy Mask AirLife® Collar Style Adult Large Adjustable Head Strap,,Sun Med,1227,Oxygen Masks,$79.50 ,,"In Stock - Network (Get it Saturday, Oct 3)",CS/50,,,https://imgcdn.mckesson.com/CumulusWeb/Images/Item_Detail/1056_111001225_2.jpg,,https://mms.mckesson.com/product/441116/Sun-Med-001227
43321,NonRebreather Oxygen Mask Elongated Style Adult One Size Fits Most Adjustable Head Strap / Nose Clip,,Medline,HUD1060,Oxygen Masks,$79.78 ,,"In Stock (Get it Tuesday, Oct 6)",CS/50,,,https://imgcdn.mckesson.com/CumulusWeb/Images/Item_Detail/43321_pdet.jpg,,https://mms.mckesson.com/product/43321/Medline-HUD1060
37336,Oxygen Mask Hudson RCI® Standard Style Adult One Size Fits Most Adjustable Head Strap / Nose Clip,,Medline,HUD1040,Oxygen Masks,$79.82 ,,"In Stock - Network (Get it Tuesday, Oct 6)",CS/50,,,https://imgcdn.mckesson.com/CumulusWeb/Images/Item_Detail/37336_front.jpg,,https://mms.mckesson.com/product/37336/Medline-HUD1040
868187,Manual Resuscitator Cyclone® Pocket BVM®,,North American Rescue,10-0019,Emergency Medical Kits,$80.20 ,,"In Stock (Get it Tomorrow, Oct 1)",EA/1,,,https://imgcdn.mckesson.com/CumulusWeb/Images/Item_Detail/868187.jpg,,https://mms.mckesson.com/product/868187/North-American-Rescue-10-0019
1207367,NonRebreather Oxygen Mask Resp-O2™ Standard Style Infant Adjustable Head Strap,,Dynarex,33054,Oxygen Accessories,$82.82 ,,"In Stock (Get it Tomorrow, Oct 1)",CS/50,,,https://imgcdn.mckesson.com/CumulusWeb/Images/Item_Detail/1207367_front.jpg,,https://mms.mckesson.com/product/1207367/Dynarex-33054
286229,Oxygen Mask Salter Labs® Elongated Style Adult One Size Fits Most Adjustable Head Strap,,Sun Med,8110-7-50,Oxygen Masks,$83.62 ,,"In Stock (Get it Tomorrow, Oct 1)",CS/50,,,https://imgcdn.mckesson.com/CumulusWeb/Images/Item_Detail/286229_front.jpg,,https://mms.mckesson.com/product/286229/Sun-Med-8110-7-50
37353,Air Entrainment Mask MULTI-VENT® Elongated Style Adult One Size Fits Most Adjustable Head Strap / Nose Clip,,Medline,HUD1088,Oxygen Masks,$86.66 ,,"In Stock (Get it Tomorrow, Oct 1)",CS/50,,,https://imgcdn.mckesson.com/CumulusWeb/Images/Item_Detail/37353_front.jpg,,https://mms.mckesson.com/product/37353/Medline-HUD1088
231809,Oxygen Mask B&F Medical Elongated Style Pediatric Adjustable Head Strap / Nose Clip,,Allied Healthcare,64092,Oxygen Masks,$88.42 ,,"In Stock - Network (Get it Tuesday, Oct 6)",CS/50,,,https://imgcdn.mckesson.com/CumulusWeb/Images/Item_Detail/1161_64060_2.jpg,,https://mms.mckesson.com/product/231809/Allied-Healthcare-64092
1018130,NonRebreather Oxygen Mask McKesson Elongated Style Adult One Size Fits Most Adjustable Head Strap / Nose Clip,,McKesson Brand,16-108E,Oxygen Masks,$93.21 ,,"In Stock (Get it Tomorrow, Oct 1)",CS/50,,,https://imgcdn.mckesson.com/CumulusWeb/Images/Item_Detail/1018130_front.jpg,,https://mms.mckesson.com/product/1018130/McKesson-Brand-16-108E
689749,Aerosol Mask AirLife® Elongated Style Pediatric Adjustable Head Strap,,Sun Med,1276,Oxygen Masks,$94.99 ,,"In Stock (Get it Tomorrow, Oct 1)",CS/50,,,https://imgcdn.mckesson.com/CumulusWeb/Images/Item_Detail/CARFUS_689749.jpg,,https://mms.mckesson.com/product/689749/Sun-Med-001276
1018132,Oxygen Face Tent McKesson Face Tent Style Adult One Size Fits Most Adjustable Head Strap,,McKesson Brand,16-116E,Nasal Cannulae,$100.09 ,,"In Stock (Get it Tomorrow, Oct 1)",CS/50,,,https://imgcdn.mckesson.com/CumulusWeb/Images/Item_Detail/1018132_side.jpg,,https://mms.mckesson.com/product/1018132/McKesson-Brand-16-116E
1221915,Tracheostomy Mask Pediatric Small,,Sunset Healthcare,RES2230,Oxygen Masks,$102 ,,"In Stock - Network (Get it Tuesday, Oct 6)",CS/50,,,https://imgcdn.mckesson.com/CumulusWeb/Images/Item_Detail/1221915_left.jpg,,https://mms.mckesson.com/product/1221915/Sunset-Healthcare-RES2230
533884,Resuscitator Spur® II Nasal / Oral Mask,,Ambu,521611000,Resuscitation,$109.83 ,,"In Stock - Network (Get it Tuesday, Oct 6)",CS/6,,,https://imgcdn.mckesson.com/CumulusWeb/Images/Item_Detail/533884.jpg,,https://mms.mckesson.com/product/533884/Ambu-521611000
1212303,Oxygen Mask LiteTouch Full Face Style Adult Medium Without Strap,,Medline,1082715ML,Oxygen Accessories,$111.64 ,,In Stock - Network,CS/10,,,https://imgcdn.mckesson.com/CumulusWeb/Images/Item_Detail/1212303_left.jpg,,https://mms.mckesson.com/product/1212303/Medline-1082715ML
1212302,Oxygen Mask LiteTouch Full Face Style Adult Small Without Strap,,Medline,1082714ML,Oxygen Accessories,$114.99 ,,"In Stock - Network (Get it Saturday, Oct 3)",CS/10,,,https://imgcdn.mckesson.com/CumulusWeb/Images/Item_Detail/1212302_left.jpg,,https://mms.mckesson.com/product/1212302/Medline-1082714ML
794407,Resuscitator Mercury Medical® CPR 2® Face Mask,,Mercury Medical,1056002,Resuscitation,$124.53 ,,"In Stock - Network (Get it Saturday, Oct 3)",BX/6,,,https://imgcdn.mckesson.com/CumulusWeb/Images/Item_Detail/794407_side.jpg,,https://mms.mckesson.com/product/794407/Mercury-Medical-1056002
1235517,Oxygen Mask Salter Labs® Nasal / Oral Style Infant Adjustable Head Strap / Nose Clip,,Sun Med,1114-7-50,Oxygen Masks,$124.75 ,,"In Stock (Get it Tuesday, Oct 6)",CS/50,,,https://imgcdn.mckesson.com/CumulusWeb/Images/Item_Detail/1235517_front.jpg,,https://mms.mckesson.com/product/1235517/Sun-Med-1114-7-50
453449,Manual Resuscitator 1st Response™ Face Mask,,ICU Medical FKA Smiths Medical,8503,Resuscitation,$132.19 ,,In Stock - Network,CS/12,,,https://imgcdn.mckesson.com/CumulusWeb/Images/Item_Detail/2356_8500_2.jpg,,https://mms.mckesson.com/product/453449/ICU-Medical-FKA-Smiths-Medical-8503
1205048,NonRebreather Oxygen Mask MedSource Full Face Style Pediatric Small Adjustable Head Strap / Nose Clip,,MedSource International,MS-25073,Oxygen Masks,$132.60 ,,"In Stock - Network (Get it Saturday, Oct 3)",CS/50,,,https://imgcdn.mckesson.com/CumulusWeb/Images/Item_Detail/1205048_right.jpg,,https://mms.mckesson.com/product/1205048/MedSource-International-MS-25073
1018134,NonRebreather Oxygen Mask McKesson Elongated Style Pediatric Adjustable Head Strap / Nose Clip,,McKesson Brand,16-3226E,Oxygen Masks,$136.13 ,,"In Stock (Get it Tomorrow, Oct 1)",CS/50,,,https://imgcdn.mckesson.com/CumulusWeb/Images/Item_Detail/1018134_front.jpg,,https://mms.mckesson.com/product/1018134/McKesson-Brand-16-3226E
951148,NonRebreather Oxygen Mask Salter Labs® Elongated Style Adult One Size Fits Most Adjustable Head Strap,,Sun Med,8130-7-50,Oxygen Masks,$142.70 ,,"In Stock (Get it Tomorrow, Oct 1)",CS/50,,,https://imgcdn.mckesson.com/CumulusWeb/Images/Item_Detail/951148.jpg,,https://mms.mckesson.com/product/951148/Sun-Med-8130-7-50
555740,Resuscitator Spur® II,,Ambu,530615000,Resuscitation,$144.27 ,,"In Stock - Network (Get it Tuesday, Oct 6)",CS/6,,,https://imgcdn.mckesson.com/CumulusWeb/Images/Item_Detail/555740.JPG,,https://mms.mckesson.com/product/555740/Ambu-530615000
794408,Resuscitator Mercury Medical® CPR 2® Face Mask,,Mercury Medical,1056102,Resuscitation,$150.62 ,,"In Stock (Get it Tomorrow, Oct 1)",BX/6,,,https://imgcdn.mckesson.com/CumulusWeb/Images/Item_Detail/794408.jpg,,https://mms.mckesson.com/product/794408/Mercury-Medical-1056102
262302,Air Entrainment Mask Percent-O2-Lock® Elongated Style Adult One Size Fits Most Adjustable Head Strap,,Sun Med,8150-7-50,Oxygen Masks,$155.74 ,,"In Stock (Get it Tomorrow, Oct 1)",CS/50,,,https://imgcdn.mckesson.com/CumulusWeb/Images/Item_Detail/262302_pdet.jpg,,https://mms.mckesson.com/product/262302/Sun-Med-8150-7-50
453450,Manual Resuscitator 1st Response™ Face Mask,,ICU Medical FKA Smiths Medical,8503P,Resuscitation,$165.64 ,,In Stock - Network,CS/12,,,https://imgcdn.mckesson.com/CumulusWeb/Images/Item_Detail/2356_8500_2.jpg,,https://mms.mckesson.com/product/453450/ICU-Medical-FKA-Smiths-Medical-8503P
1235313,Resuscitator Mercury Medical® CPR 2® Cushioned Face Mask,,Mercury Medical,1056459,Resuscitation,$168.46 ,,"In Stock - Network (Get it Tuesday, Oct 6)",CS/6,,,https://imgcdn.mckesson.com/CumulusWeb/Images/Item_Detail/1235313_left.jpg,,https://mms.mckesson.com/product/1235313/Mercury-Medical-1056459
697312,Resuscitator Spur® II Nasal / Oral Mask,,Ambu,531614000,Resuscitation,$174.38 ,,"In Stock - Network (Get it Saturday, Oct 3)",CS/6,,,https://imgcdn.mckesson.com/CumulusWeb/Images/Item_Detail/697312.jpg,,https://mms.mckesson.com/product/697312/Ambu-531614000
280132,Manual Resuscitator Lifesaver® Face Mask,,Teleflex LLC,5372,Resuscitation,$190.04 ,,"In Stock (Get it Tomorrow, Oct 1)",CS/6,,,https://imgcdn.mckesson.com/CumulusWeb/Images/Item_Detail/280132_side.jpg,,https://mms.mckesson.com/product/280132/Teleflex-LLC-5372
1148219,Air Entrainment Mask Salter Labs® Elongated Style Pediatric Adjustable Head Strap,,Sun Med,8121-7-50,Oxygen Masks,$190.89 ,,"In Stock - Network (Get it Tuesday, Oct 6)",CS/50,,,https://imgcdn.mckesson.com/CumulusWeb/Images/Item_Detail/1148219_front.jpg,,https://mms.mckesson.com/product/1148219/Sun-Med-8121-7-50
533885,Resuscitator Spur® II Nasal / Oral Mask,,Ambu,530213000,Resuscitation,$200.65 ,,"In Stock (Get it Tomorrow, Oct 1)",CS/12,,,https://imgcdn.mckesson.com/CumulusWeb/Images/Item_Detail/533885_front.jpg,,https://mms.mckesson.com/product/533885/Ambu-530213000
1134537,Oxygen Mask OxyMask™ For Vortex Adult One Size Fits Most Adjustable Head Strap,,Medline,OM11258ML,Oxygen Masks,$230.19 ,,"In Stock (Get it Tomorrow, Oct 1)",CS/25,,,https://imgcdn.mckesson.com/CumulusWeb/Images/Item_Detail/1134537_front.jpg,,https://mms.mckesson.com/product/1134537/Medline-OM11258ML
280133,Manual Resuscitator Lifesaver® Face Mask,,Teleflex LLC,5367,Resuscitation,$233.44 ,,"In Stock (Get it Tomorrow, Oct 1)",CS/6,,,https://imgcdn.mckesson.com/CumulusWeb/Images/Item_Detail/280133_side.jpg,,https://mms.mckesson.com/product/280133/Teleflex-LLC-5367
786599,Dual Capnography Mask Flexicare® Dual,,Flexicare,032-10-135U,Oxygen Masks,$243.78 ,,"In Stock - Network (Get it Saturday, Oct 3)",CS/50,,,https://imgcdn.mckesson.com/CumulusWeb/Images/Item_Detail/786599.jpg,,https://mms.mckesson.com/product/786599/Flexicare-032-10-135U
786598,Dual Capnography Mask Flexicare® Dual,,Flexicare,032-10-134U,Oxygen Masks,$243.78 ,,"In Stock - Network (Get it Tuesday, Oct 6)",CS/50,,,https://imgcdn.mckesson.com/CumulusWeb/Images/Item_Detail/786598.jpg,,https://mms.mckesson.com/product/786598/Flexicare-032-10-134U
709501,Resuscitator Spur® II Nasal / Oral Mask,,Ambu,520211001,Resuscitation,$247.24 ,,In Stock - Network,CS/12,,,https://imgcdn.mckesson.com/CumulusWeb/Images/Item_Detail/709501.jpg,,https://mms.mckesson.com/product/709501/Ambu-520211001
557737,Resuscitator Spur® II Nasal / Oral Mask,,Ambu,530212000,Resuscitation,$251 ,,"In Stock (Get it Tomorrow, Oct 1)",CS/12,,,https://imgcdn.mckesson.com/CumulusWeb/Images/Item_Detail/557737.jpg,,https://mms.mckesson.com/product/557737/Ambu-530212000
557742,Resuscitator Spur® II Nasal / Oral Mask,,Ambu,540211000,Resuscitation,$251 ,,"In Stock (Get it Tomorrow, Oct 1)",CS/12,,,https://imgcdn.mckesson.com/CumulusWeb/Images/Item_Detail/557742.jpg,,https://mms.mckesson.com/product/557742/Ambu-540211000
198931,Anesthesia Mask Vital Signs® Elongated Style Pediatric Size 3 Without Hook Ring,,Sun Med,5231EU,Oxygen Masks,$256.01 ,,"In Stock (Get it Tomorrow, Oct 1)",CS/100,,,https://imgcdn.mckesson.com/CumulusWeb/Images/Item_Detail/198931_front.jpg,,https://mms.mckesson.com/product/198931/Sun-Med-5231EU
802611,Resuscitator Spur® II Nasal / Oral Mask,,Ambu,530613830,Resuscitation,$264.21 ,,"In Stock - Network (Get it Tuesday, Oct 6)",CS/6,,,https://imgcdn.mckesson.com/CumulusWeb/Images/Item_Detail/802611.jpg,,https://mms.mckesson.com/product/802611/Ambu-530613830
1171141,T-Piece Resuscitator Neo-Tee® Clear Anatomical Mask,,Mercury Medical,1050821,Resuscitation,$329.04 ,,"In Stock - Network (Get it Saturday, Oct 3)",BX/10,,,https://imgcdn.mckesson.com/CumulusWeb/Images/Item_Detail/1171141_front.jpg,,https://mms.mckesson.com/product/1171141/Mercury-Medical-1050821
555742,Resuscitator Spur® II Nasal / Oral Mask,,Ambu,530214000,Resuscitation,$336.67 ,,"In Stock - Network (Get it Tuesday, Oct 6)",CS/12,,,https://imgcdn.mckesson.com/CumulusWeb/Images/Item_Detail/555742.jpg,,https://mms.mckesson.com/product/555742/Ambu-530214000
1183536,Ventilation Mask AirLife® NIV Full Face Style Adult Medium 4-Point Hook and Loop Head Strap,,Sun Med,NIV043M,Oxygen Masks,$383.04 ,,In Stock - Network,CS/10,,,https://imgcdn.mckesson.com/CumulusWeb/Images/Item_Detail/1183536_front.jpg,,https://mms.mckesson.com/product/1183536/Sun-Med-NIV043M
1233196,Oxygen Mask POM® Elite Elongated Style Adult One Size Fits Most Adjustable Head Strap / Nose Clip,,Stryker,1001-MM,Oxygen Masks,$577.99 ,,In Stock - Network,CS/30,,,https://imgcdn.mckesson.com/CumulusWeb/Images/Item_Detail/1233196_front.jpg,,https://mms.mckesson.com/product/1233196/Stryker-1001-MM
